date,state,daily_partial,daily_full,daily_booster,daily,daily_partial_adol,daily_full_adol,daily_partial_child,daily_full_child,cumul_partial,cumul_full,cumul_booster,cumul,cumul_partial_adol,cumul_full_adol,cumul_partial_child,cumul_full_child,pfizer1,pfizer2,pfizer3,sinovac1,sinovac2,sinovac3,astra1,astra2,astra3,sinopharm1,sinopharm2,sinopharm3,cansino,cansino3,pending1,pending2,pending3
2021-02-24,Johor,0,0,0,0,0,0,0,0,0,0,0,0,0,0,0,0,0,0,0,0,0,0,0,0,0,0,0,0,0,0,0,0,0
2021-02-24,Kedah,0,0,0,0,0,0,0,0,0,0,0,0,0,0,0,0,0,0,0,0,0,0,0,0,0,0,0,0,0,0,0,0,0
2021-02-24,Kelantan,0,0,0,0,0,0,0,0,0,0,0,0,0,0,0,0,0,0,0,0,0,0,0,0,0,0,0,0,0,0,0,0,0
2021-02-24,Melaka,0,0,0,0,0,0,0,0,0,0,0,0,0,0,0,0,0,0,0,0,0,0,0,0,0,0,0,0,0,0,0,0,0
2021-02-24,Negeri Sembilan,0,0,0,0,0,0,0,0,0,0,0,0,0,0,0,0,0,0,0,0,0,0,0,0,0,0,0,0,0,0,0,0,0
2021-02-24,Pahang,0,0,0,0,0,0,0,0,0,0,0,0,0,0,0,0,0,0,0,0,0,0,0,0,0,0,0,0,0,0,0,0,0
2021-02-24,Perak,0,0,0,0,0,0,0,0,0,0,0,0,0,0,0,0,0,0,0,0,0,0,0,0,0,0,0,0,0,0,0,0,0
2021-02-24,Perlis,0,0,0,0,0,0,0,0,0,0,0,0,0,0,0,0,0,0,0,0,0,0,0,0,0,0,0,0,0,0,0,0,0
2021-02-24,Pulau Pinang,0,0,0,0,0,0,0,0,0,0,0,0,0,0,0,0,0,0,0,0,0,0,0,0,0,0,0,0,0,0,0,0,0
2021-02-24,Sabah,1,1,0,2,0,0,0,0,1,1,0,2,0,0,0,0,0,1,0,0,0,0,0,0,0,0,0,0,0,0,1,0,0
2021-02-24,Sarawak,1,2,0,3,0,0,0,0,1,2,0,3,0,0,0,0,1,0,0,0,2,0,0,0,0,0,0,0,0,0,0,0,0
2021-02-24,Selangor,0,0,0,0,0,0,0,0,0,0,0,0,0,0,0,0,0,0,0,0,0,0,0,0,0,0,0,0,0,0,0,0,0
2021-02-24,Terengganu,0,0,0,0,0,0,0,0,0,0,0,0,0,0,0,0,0,0,0,0,0,0,0,0,0,0,0,0,0,0,0,0,0
2021-02-24,W.P. Kuala Lumpur,41,0,0,41,0,0,0,0,41,0,0,41,0,0,0,0,41,0,0,0,0,0,0,0,0,0,0,0,0,0,0,0,0
2021-02-24,W.P. Labuan,0,0,0,0,0,0,0,0,0,0,0,0,0,0,0,0,0,0,0,0,0,0,0,0,0,0,0,0,0,0,0,0,0
2021-02-24,W.P. Putrajaya,20,0,0,20,0,0,0,0,20,0,0,20,0,0,0,0,20,0,0,0,0,0,0,0,0,0,0,0,0,0,0,0,0
2021-02-25,Johor,80,0,0,80,0,0,0,0,80,0,0,80,0,0,0,0,80,0,0,0,0,0,0,0,0,0,0,0,0,0,0,0,0
2021-02-25,Kedah,0,0,0,0,0,0,0,0,0,0,0,0,0,0,0,0,0,0,0,0,0,0,0,0,0,0,0,0,0,0,0,0,0
2021-02-25,Kelantan,0,0,0,0,0,0,0,0,0,0,0,0,0,0,0,0,0,0,0,0,0,0,0,0,0,0,0,0,0,0,0,0,0
2021-02-25,Melaka,0,0,0,0,0,0,0,0,0,0,0,0,0,0,0,0,0,0,0,0,0,0,0,0,0,0,0,0,0,0,0,0,0
2021-02-25,Negeri Sembilan,0,0,0,0,0,0,0,0,0,0,0,0,0,0,0,0,0,0,0,0,0,0,0,0,0,0,0,0,0,0,0,0,0
2021-02-25,Pahang,123,0,0,123,0,0,0,0,123,0,0,123,0,0,0,0,123,0,0,0,0,0,0,0,0,0,0,0,0,0,0,0,0
2021-02-25,Perak,296,0,0,296,0,0,0,0,296,0,0,296,0,0,0,0,296,0,0,0,0,0,0,0,0,0,0,0,0,0,0,0,0
2021-02-25,Perlis,0,0,0,0,0,0,0,0,0,0,0,0,0,0,0,0,0,0,0,0,0,0,0,0,0,0,0,0,0,0,0,0,0
2021-02-25,Pulau Pinang,0,0,0,0,0,0,0,0,0,0,0,0,0,0,0,0,0,0,0,0,0,0,0,0,0,0,0,0,0,0,0,0,0
2021-02-25,Sabah,1,0,0,1,0,0,0,0,2,1,0,3,0,0,0,0,1,0,0,0,0,0,0,0,0,0,0,0,0,0,0,0,0
2021-02-25,Sarawak,2,2,0,4,0,0,0,0,3,4,0,7,0,0,0,0,2,0,0,0,2,0,0,0,0,0,0,0,0,0,0,0,0
2021-02-25,Selangor,43,0,0,43,0,0,0,0,43,0,0,43,0,0,0,0,43,0,0,0,0,0,0,0,0,0,0,0,0,0,0,0,0
2021-02-25,Terengganu,0,0,0,0,0,0,0,0,0,0,0,0,0,0,0,0,0,0,0,0,0,0,0,0,0,0,0,0,0,0,0,0,0
2021-02-25,W.P. Kuala Lumpur,547,0,0,547,0,0,0,0,588,0,0,588,0,0,0,0,545,0,0,0,0,0,0,0,0,0,0,0,0,0,2,0,0
2021-02-25,W.P. Labuan,2,0,0,2,0,0,0,0,2,0,0,2,0,0,0,0,2,0,0,0,0,0,0,0,0,0,0,0,0,0,0,0,0
2021-02-25,W.P. Putrajaya,55,0,0,55,0,0,0,0,75,0,0,75,0,0,0,0,55,0,0,0,0,0,0,0,0,0,0,0,0,0,0,0,0
2021-02-26,Johor,0,0,0,0,0,0,0,0,80,0,0,80,0,0,0,0,0,0,0,0,0,0,0,0,0,0,0,0,0,0,0,0,0
2021-02-26,Kedah,6,0,0,6,0,0,0,0,6,0,0,6,0,0,0,0,6,0,0,0,0,0,0,0,0,0,0,0,0,0,0,0,0
2021-02-26,Kelantan,0,0,0,0,0,0,0,0,0,0,0,0,0,0,0,0,0,0,0,0,0,0,0,0,0,0,0,0,0,0,0,0,0
2021-02-26,Melaka,259,0,0,259,0,0,0,0,259,0,0,259,0,0,0,0,259,0,0,0,0,0,0,0,0,0,0,0,0,0,0,0,0
2021-02-26,Negeri Sembilan,0,0,0,0,0,0,0,0,0,0,0,0,0,0,0,0,0,0,0,0,0,0,0,0,0,0,0,0,0,0,0,0,0
2021-02-26,Pahang,773,0,0,773,0,0,0,0,896,0,0,896,0,0,0,0,770,0,0,0,0,0,0,0,0,0,0,0,0,0,3,0,0
2021-02-26,Perak,559,0,0,559,0,0,0,0,855,0,0,855,0,0,0,0,558,0,0,0,0,0,1,0,0,0,0,0,0,0,0,0,0
2021-02-26,Perlis,156,0,0,156,0,0,0,0,156,0,0,156,0,0,0,0,156,0,0,0,0,0,0,0,0,0,0,0,0,0,0,0,0
2021-02-26,Pulau Pinang,325,0,0,325,0,0,0,0,325,0,0,325,0,0,0,0,325,0,0,0,0,0,0,0,0,0,0,0,0,0,0,0,0
2021-02-26,Sabah,12,0,0,12,0,0,0,0,14,1,0,15,0,0,0,0,12,0,0,0,0,0,0,0,0,0,0,0,0,0,0,0,0
2021-02-26,Sarawak,1341,3,0,1344,0,0,0,0,1344,7,0,1351,0,0,0,0,1337,1,0,0,2,0,0,0,0,0,0,0,0,0,4,0,0
2021-02-26,Selangor,279,0,0,279,0,0,0,0,322,0,0,322,0,0,0,0,279,0,0,0,0,0,0,0,0,0,0,0,0,0,0,0,0
2021-02-26,Terengganu,11,0,0,11,0,0,0,0,11,0,0,11,0,0,0,0,11,0,0,0,0,0,0,0,0,0,0,0,0,0,0,0,0
2021-02-26,W.P. Kuala Lumpur,328,0,0,328,0,0,0,0,916,0,0,916,0,0,0,0,328,0,0,0,0,0,0,0,0,0,0,0,0,0,0,0,0
2021-02-26,W.P. Labuan,0,0,0,0,0,0,0,0,2,0,0,2,0,0,0,0,0,0,0,0,0,0,0,0,0,0,0,0,0,0,0,0,0
2021-02-26,W.P. Putrajaya,19,0,0,19,0,0,0,0,94,0,0,94,0,0,0,0,19,0,0,0,0,0,0,0,0,0,0,0,0,0,0,0,0
2021-02-27,Johor,3,0,0,3,0,0,0,0,83,0,0,83,0,0,0,0,3,0,0,0,0,0,0,0,0,0,0,0,0,0,0,0,0
2021-02-27,Kedah,36,1,0,37,0,0,0,0,42,1,0,43,0,0,0,0,36,1,0,0,0,0,0,0,0,0,0,0,0,0,0,0,0
2021-02-27,Kelantan,0,0,0,0,0,0,0,0,0,0,0,0,0,0,0,0,0,0,0,0,0,0,0,0,0,0,0,0,0,0,0,0,0
2021-02-27,Melaka,16,0,0,16,0,0,0,0,275,0,0,275,0,0,0,0,16,0,0,0,0,0,0,0,0,0,0,0,0,0,0,0,0
2021-02-27,Negeri Sembilan,0,1,0,1,0,0,0,0,0,1,0,1,0,0,0,0,0,0,0,0,1,0,0,0,0,0,0,0,0,0,0,0,0
2021-02-27,Pahang,1766,0,0,1766,0,0,0,0,2662,0,0,2662,0,0,0,0,1765,0,0,0,0,0,0,0,0,0,0,0,0,0,1,0,0
2021-02-27,Perak,242,2,0,244,0,0,0,0,1097,2,0,1099,0,0,0,0,242,0,0,0,2,0,0,0,0,0,0,0,0,0,0,0,0
2021-02-27,Perlis,3,0,0,3,0,0,0,0,159,0,0,159,0,0,0,0,3,0,0,0,0,0,0,0,0,0,0,0,0,0,0,0,0
2021-02-27,Pulau Pinang,6,0,0,6,0,0,0,0,331,0,0,331,0,0,0,0,6,0,0,0,0,0,0,0,0,0,0,0,0,0,0,0,0
2021-02-27,Sabah,566,0,0,566,0,0,0,0,580,1,0,581,0,0,0,0,565,0,0,0,0,0,0,0,0,0,0,0,0,0,1,0,0
2021-02-27,Sarawak,3625,2,0,3627,0,0,0,0,4969,9,0,4978,0,0,0,0,3609,0,0,0,2,0,0,0,0,0,0,0,0,0,16,0,0
2021-02-27,Selangor,78,0,0,78,0,0,0,0,400,0,0,400,0,0,0,0,78,0,0,0,0,0,0,0,0,0,0,0,0,0,0,0,0
2021-02-27,Terengganu,1,0,0,1,0,0,0,0,12,0,0,12,0,0,0,0,1,0,0,0,0,0,0,0,0,0,0,0,0,0,0,0,0
2021-02-27,W.P. Kuala Lumpur,226,0,0,226,0,0,0,0,1142,0,0,1142,0,0,0,0,226,0,0,0,0,0,0,0,0,0,0,0,0,0,0,0,0
2021-02-27,W.P. Labuan,136,0,0,136,0,0,0,0,138,0,0,138,0,0,0,0,136,0,0,0,0,0,0,0,0,0,0,0,0,0,0,0,0
2021-02-27,W.P. Putrajaya,6,0,0,6,0,0,0,0,100,0,0,100,0,0,0,0,6,0,0,0,0,0,0,0,0,0,0,0,0,0,0,0,0
2021-02-28,Johor,828,0,0,828,0,0,0,0,911,0,0,911,0,0,0,0,828,0,0,0,0,0,0,0,0,0,0,0,0,0,0,0,0
2021-02-28,Kedah,785,1,0,786,0,0,0,0,827,2,0,829,0,0,0,0,785,0,0,0,1,0,0,0,0,0,0,0,0,0,0,0,0
2021-02-28,Kelantan,162,0,0,162,0,0,0,0,162,0,0,162,0,0,0,0,162,0,0,0,0,0,0,0,0,0,0,0,0,0,0,0,0
2021-02-28,Melaka,0,0,0,0,0,0,0,0,275,0,0,275,0,0,0,0,0,0,0,0,0,0,0,0,0,0,0,0,0,0,0,0,0
2021-02-28,Negeri Sembilan,0,0,0,0,0,0,0,0,0,1,0,1,0,0,0,0,0,0,0,0,0,0,0,0,0,0,0,0,0,0,0,0,0
2021-02-28,Pahang,100,0,0,100,0,0,0,0,2762,0,0,2762,0,0,0,0,100,0,0,0,0,0,0,0,0,0,0,0,0,0,0,0,0
2021-02-28,Perak,134,0,0,134,0,0,0,0,1231,2,0,1233,0,0,0,0,134,0,0,0,0,0,0,0,0,0,0,0,0,0,0,0,0
2021-02-28,Perlis,0,0,0,0,0,0,0,0,159,0,0,159,0,0,0,0,0,0,0,0,0,0,0,0,0,0,0,0,0,0,0,0,0
2021-02-28,Pulau Pinang,12,0,0,12,0,0,0,0,343,0,0,343,0,0,0,0,12,0,0,0,0,0,0,0,0,0,0,0,0,0,0,0,0
2021-02-28,Sabah,467,0,0,467,0,0,0,0,1047,1,0,1048,0,0,0,0,467,0,0,0,0,0,0,0,0,0,0,0,0,0,0,0,0
2021-02-28,Sarawak,3186,3,0,3189,0,0,0,0,8155,12,0,8167,0,0,0,0,3184,1,0,0,2,0,0,0,0,0,0,0,0,0,2,0,0
2021-02-28,Selangor,67,1,0,68,0,0,0,0,467,1,0,468,0,0,0,0,67,0,0,0,1,0,0,0,0,0,0,0,0,0,0,0,0
2021-02-28,Terengganu,462,0,0,462,0,0,0,0,474,0,0,474,0,0,0,0,462,0,0,0,0,0,0,0,0,0,0,0,0,0,0,0,0
2021-02-28,W.P. Kuala Lumpur,150,0,0,150,0,0,0,0,1292,0,0,1292,0,0,0,0,150,0,0,0,0,0,0,0,0,0,0,0,0,0,0,0,0
2021-02-28,W.P. Labuan,361,0,0,361,0,0,0,0,499,0,0,499,0,0,0,0,359,0,0,0,0,0,0,0,0,0,0,0,0,0,2,0,0
2021-02-28,W.P. Putrajaya,1,0,0,1,0,0,0,0,101,0,0,101,0,0,0,0,1,0,0,0,0,0,0,0,0,0,0,0,0,0,0,0,0
2021-03-01,Johor,2151,0,0,2151,0,0,0,0,3062,0,0,3062,0,0,0,0,2151,0,0,0,0,0,0,0,0,0,0,0,0,0,0,0,0
2021-03-01,Kedah,1065,1,0,1066,0,0,0,0,1892,3,0,1895,0,0,0,0,1065,1,0,0,0,0,0,0,0,0,0,0,0,0,0,0,0
2021-03-01,Kelantan,1794,0,0,1794,0,0,0,0,1956,0,0,1956,0,0,0,0,1794,0,0,0,0,0,0,0,0,0,0,0,0,0,0,0,0
2021-03-01,Melaka,157,0,0,157,0,0,0,0,432,0,0,432,0,0,0,0,157,0,0,0,0,0,0,0,0,0,0,0,0,0,0,0,0
2021-03-01,Negeri Sembilan,585,0,0,585,0,0,0,0,585,1,0,586,0,0,0,0,585,0,0,0,0,0,0,0,0,0,0,0,0,0,0,0,0
2021-03-01,Pahang,1207,1,0,1208,0,0,0,0,3969,1,0,3970,0,0,0,0,1207,1,0,0,0,0,0,0,0,0,0,0,0,0,0,0,0
2021-03-01,Perak,1891,1,0,1892,0,0,0,0,3122,3,0,3125,0,0,0,0,1891,1,0,0,0,0,0,0,0,0,0,0,0,0,0,0,0
2021-03-01,Perlis,354,0,0,354,0,0,0,0,513,0,0,513,0,0,0,0,354,0,0,0,0,0,0,0,0,0,0,0,0,0,0,0,0
2021-03-01,Pulau Pinang,447,0,0,447,0,0,0,0,790,0,0,790,0,0,0,0,447,0,0,0,0,0,0,0,0,0,0,0,0,0,0,0,0
2021-03-01,Sabah,128,0,0,128,0,0,0,0,1175,1,0,1176,0,0,0,0,128,0,0,0,0,0,0,0,0,0,0,0,0,0,0,0,0
2021-03-01,Sarawak,1741,2,0,1743,0,0,0,0,9896,14,0,9910,0,0,0,0,1741,0,0,0,2,0,0,0,0,0,0,0,0,0,0,0,0
2021-03-01,Selangor,609,1,0,610,0,0,0,0,1076,2,0,1078,0,0,0,0,609,1,0,0,0,0,0,0,0,0,0,0,0,0,0,0,0
2021-03-01,Terengganu,0,0,0,0,0,0,0,0,474,0,0,474,0,0,0,0,0,0,0,0,0,0,0,0,0,0,0,0,0,0,0,0,0
2021-03-01,W.P. Kuala Lumpur,2366,0,0,2366,0,0,0,0,3658,0,0,3658,0,0,0,0,2366,0,0,0,0,0,0,0,0,0,0,0,0,0,0,0,0
2021-03-01,W.P. Labuan,451,0,0,451,0,0,0,0,950,0,0,950,0,0,0,0,451,0,0,0,0,0,0,0,0,0,0,0,0,0,0,0,0
2021-03-01,W.P. Putrajaya,440,0,0,440,0,0,0,0,541,0,0,541,0,0,0,0,440,0,0,0,0,0,0,0,0,0,0,0,0,0,0,0,0
2021-03-02,Johor,1489,0,0,1489,0,0,0,0,4551,0,0,4551,0,0,0,0,1489,0,0,0,0,0,0,0,0,0,0,0,0,0,0,0,0
2021-03-02,Kedah,1188,1,0,1189,0,0,0,0,3080,4,0,3084,0,0,0,0,1188,1,0,0,0,0,0,0,0,0,0,0,0,0,0,0,0
2021-03-02,Kelantan,2869,0,0,2869,0,0,0,0,4825,0,0,4825,0,0,0,0,2869,0,0,0,0,0,0,0,0,0,0,0,0,0,0,0,0
2021-03-02,Melaka,1087,0,0,1087,0,0,0,0,1519,0,0,1519,0,0,0,0,1087,0,0,0,0,0,0,0,0,0,0,0,0,0,0,0,0
2021-03-02,Negeri Sembilan,1326,0,0,1326,0,0,0,0,1911,1,0,1912,0,0,0,0,1326,0,0,0,0,0,0,0,0,0,0,0,0,0,0,0,0
2021-03-02,Pahang,2106,0,0,2106,0,0,0,0,6075,1,0,6076,0,0,0,0,2106,0,0,0,0,0,0,0,0,0,0,0,0,0,0,0,0
2021-03-02,Perak,2547,0,0,2547,0,0,0,0,5669,3,0,5672,0,0,0,0,2547,0,0,0,0,0,0,0,0,0,0,0,0,0,0,0,0
2021-03-02,Perlis,538,0,0,538,0,0,0,0,1051,0,0,1051,0,0,0,0,538,0,0,0,0,0,0,0,0,0,0,0,0,0,0,0,0
2021-03-02,Pulau Pinang,1045,0,0,1045,0,0,0,0,1835,0,0,1835,0,0,0,0,1045,0,0,0,0,0,0,0,0,0,0,0,0,0,0,0,0
2021-03-02,Sabah,368,1,0,369,0,0,0,0,1543,2,0,1545,0,0,0,0,368,1,0,0,0,0,0,0,0,0,0,0,0,0,0,0,0
2021-03-02,Sarawak,636,3,0,639,0,0,0,0,10532,17,0,10549,0,0,0,0,636,1,0,0,2,0,0,0,0,0,0,0,0,0,0,0,0
2021-03-02,Selangor,1207,0,0,1207,0,0,0,0,2283,2,0,2285,0,0,0,0,1207,0,0,0,0,0,0,0,0,0,0,0,0,0,0,0,0
2021-03-02,Terengganu,2059,0,0,2059,0,0,0,0,2533,0,0,2533,0,0,0,0,2059,0,0,0,0,0,0,0,0,0,0,0,0,0,0,0,0
2021-03-02,W.P. Kuala Lumpur,2343,0,0,2343,0,0,0,0,6001,0,0,6001,0,0,0,0,2343,0,0,0,0,0,0,0,0,0,0,0,0,0,0,0,0
2021-03-02,W.P. Labuan,390,0,0,390,0,0,0,0,1340,0,0,1340,0,0,0,0,390,0,0,0,0,0,0,0,0,0,0,0,0,0,0,0,0
2021-03-02,W.P. Putrajaya,484,0,0,484,0,0,0,0,1025,0,0,1025,0,0,0,0,484,0,0,0,0,0,0,0,0,0,0,0,0,0,0,0,0
2021-03-03,Johor,2068,1,0,2069,0,0,0,0,6619,1,0,6620,0,0,0,0,2068,1,0,0,0,0,0,0,0,0,0,0,0,0,0,0,0
2021-03-03,Kedah,1404,0,0,1404,0,0,0,0,4484,4,0,4488,0,0,0,0,1404,0,0,0,0,0,0,0,0,0,0,0,0,0,0,0,0
2021-03-03,Kelantan,3394,0,0,3394,0,0,0,0,8219,0,0,8219,0,0,0,0,3394,0,0,0,0,0,0,0,0,0,0,0,0,0,0,0,0
2021-03-03,Melaka,1097,0,0,1097,0,0,0,0,2616,0,0,2616,0,0,0,0,1097,0,0,0,0,0,0,0,0,0,0,0,0,0,0,0,0
2021-03-03,Negeri Sembilan,1219,0,0,1219,0,0,0,0,3130,1,0,3131,0,0,0,0,1218,0,0,0,0,0,0,0,0,0,0,0,0,0,1,0,0
2021-03-03,Pahang,1316,0,0,1316,0,0,0,0,7391,1,0,7392,0,0,0,0,1316,0,0,0,0,0,0,0,0,0,0,0,0,0,0,0,0
2021-03-03,Perak,1985,0,0,1985,0,0,0,0,7654,3,0,7657,0,0,0,0,1983,0,0,1,0,0,0,0,0,0,0,0,0,0,1,0,0
2021-03-03,Perlis,541,0,0,541,0,0,0,0,1592,0,0,1592,0,0,0,0,541,0,0,0,0,0,0,0,0,0,0,0,0,0,0,0,0
2021-03-03,Pulau Pinang,1103,0,0,1103,0,0,0,0,2938,0,0,2938,0,0,0,0,1103,0,0,0,0,0,0,0,0,0,0,0,0,0,0,0,0
2021-03-03,Sabah,299,0,0,299,1,0,0,0,1842,2,0,1844,1,0,0,0,298,0,0,0,0,0,0,0,0,0,0,0,0,0,1,0,0
2021-03-03,Sarawak,494,2,0,496,0,0,0,0,11026,19,0,11045,0,0,0,0,493,0,0,1,2,0,0,0,0,0,0,0,0,0,0,0,0
2021-03-03,Selangor,2126,0,0,2126,0,0,0,0,4409,2,0,4411,0,0,0,0,2126,0,0,0,0,0,0,0,0,0,0,0,0,0,0,0,0
2021-03-03,Terengganu,2280,1,0,2281,0,0,0,0,4813,1,0,4814,0,0,0,0,2279,1,0,0,0,0,0,0,0,0,0,0,0,0,1,0,0
2021-03-03,W.P. Kuala Lumpur,2586,0,0,2586,0,0,0,0,8587,0,0,8587,0,0,0,0,2586,0,0,0,0,0,0,0,0,0,0,0,0,0,0,0,0
2021-03-03,W.P. Labuan,297,2,0,299,0,0,0,0,1637,2,0,1639,0,0,0,0,297,2,0,0,0,0,0,0,0,0,0,0,0,0,0,0,0
2021-03-03,W.P. Putrajaya,483,0,0,483,0,0,0,0,1508,0,0,1508,0,0,0,0,483,0,0,0,0,0,0,0,0,0,0,0,0,0,0,0,0
2021-03-04,Johor,1972,3,0,1975,0,0,0,0,8591,4,0,8595,0,0,0,0,1972,3,0,0,0,0,0,0,0,0,0,0,0,0,0,0,0
2021-03-04,Kedah,724,0,0,724,0,0,0,0,5208,4,0,5212,0,0,0,0,724,0,0,0,0,0,0,0,0,0,0,0,0,0,0,0,0
2021-03-04,Kelantan,3408,0,0,3408,0,0,0,0,11627,0,0,11627,0,0,0,0,3407,0,0,0,0,0,0,0,0,0,0,0,0,0,1,0,0
2021-03-04,Melaka,989,0,0,989,0,0,0,0,3605,0,0,3605,0,0,0,0,989,0,0,0,0,0,0,0,0,0,0,0,0,0,0,0,0
2021-03-04,Negeri Sembilan,1230,0,0,1230,0,0,0,0,4360,1,0,4361,0,0,0,0,1230,0,0,0,0,0,0,0,0,0,0,0,0,0,0,0,0
2021-03-04,Pahang,1131,0,0,1131,0,0,0,0,8522,1,0,8523,0,0,0,0,1131,0,0,0,0,0,0,0,0,0,0,0,0,0,0,0,0
2021-03-04,Perak,1026,0,0,1026,0,0,0,0,8680,3,0,8683,0,0,0,0,1025,0,0,1,0,0,0,0,0,0,0,0,0,0,0,0,0
2021-03-04,Perlis,298,0,0,298,0,0,0,0,1890,0,0,1890,0,0,0,0,298,0,0,0,0,0,0,0,0,0,0,0,0,0,0,0,0
2021-03-04,Pulau Pinang,1122,0,0,1122,0,0,0,0,4060,0,0,4060,0,0,0,0,1122,0,0,0,0,0,0,0,0,0,0,0,0,0,0,0,0
2021-03-04,Sabah,1763,4,0,1767,0,0,0,0,3605,6,0,3611,1,0,0,0,1761,1,0,2,0,0,0,0,0,0,0,0,0,0,0,3,0
2021-03-04,Sarawak,420,5,0,425,0,0,0,0,11446,24,0,11470,0,0,0,0,420,3,0,0,2,0,0,0,0,0,0,0,0,0,0,0,0
2021-03-04,Selangor,2264,1,0,2265,0,0,0,0,6673,3,0,6676,0,0,0,0,2263,1,0,0,0,0,0,0,0,0,0,0,0,0,1,0,0
2021-03-04,Terengganu,4,0,0,4,0,0,0,0,4817,1,0,4818,0,0,0,0,4,0,0,0,0,0,0,0,0,0,0,0,0,0,0,0,0
2021-03-04,W.P. Kuala Lumpur,2433,2,0,2435,0,0,0,0,11020,2,0,11022,0,0,0,0,2432,1,0,0,1,0,0,0,0,0,0,0,0,0,1,0,0
2021-03-04,W.P. Labuan,209,0,0,209,0,0,0,0,1846,2,0,1848,0,0,0,0,209,0,0,0,0,0,0,0,0,0,0,0,0,0,0,0,0
2021-03-04,W.P. Putrajaya,548,0,0,548,0,0,0,0,2056,0,0,2056,0,0,0,0,548,0,0,0,0,0,0,0,0,0,0,0,0,0,0,0,0
2021-03-05,Johor,336,0,0,336,0,0,0,0,8927,4,0,8931,0,0,0,0,336,0,0,0,0,0,0,0,0,0,0,0,0,0,0,0,0
2021-03-05,Kedah,137,2,0,139,0,0,0,0,5345,6,0,5351,0,0,0,0,137,1,0,0,1,0,0,0,0,0,0,0,0,0,0,0,0
2021-03-05,Kelantan,742,0,0,742,0,0,0,0,12369,0,0,12369,0,0,0,0,742,0,0,0,0,0,0,0,0,0,0,0,0,0,0,0,0
2021-03-05,Melaka,573,0,0,573,0,0,0,0,4178,0,0,4178,0,0,0,0,573,0,0,0,0,0,0,0,0,0,0,0,0,0,0,0,0
2021-03-05,Negeri Sembilan,536,0,0,536,0,0,0,0,4896,1,0,4897,0,0,0,0,536,0,0,0,0,0,0,0,0,0,0,0,0,0,0,0,0
2021-03-05,Pahang,2058,0,0,2058,0,0,0,0,10580,1,0,10581,0,0,0,0,2057,0,0,0,0,0,0,0,0,0,0,0,0,0,1,0,0
2021-03-05,Perak,1018,0,0,1018,0,0,0,0,9698,3,0,9701,0,0,0,0,1018,0,0,0,0,0,0,0,0,0,0,0,0,0,0,0,0
2021-03-05,Perlis,330,0,0,330,0,0,0,0,2220,0,0,2220,0,0,0,0,330,0,0,0,0,0,0,0,0,0,0,0,0,0,0,0,0
2021-03-05,Pulau Pinang,1032,0,0,1032,0,0,0,0,5092,0,0,5092,0,0,0,0,1032,0,0,0,0,0,0,0,0,0,0,0,0,0,0,0,0
2021-03-05,Sabah,3087,0,0,3087,0,0,0,0,6692,6,0,6698,1,0,0,0,3087,0,0,0,0,0,0,0,0,0,0,0,0,0,0,0,0
2021-03-05,Sarawak,1331,4,0,1335,0,0,0,0,12777,28,0,12805,0,0,0,0,1329,2,0,1,2,0,0,0,0,0,0,0,0,0,1,0,0
2021-03-05,Selangor,2469,0,0,2469,0,0,0,0,9142,3,0,9145,0,0,0,0,2468,0,0,0,0,0,0,0,0,0,0,0,0,0,1,0,0
2021-03-05,Terengganu,62,0,0,62,0,0,0,0,4879,1,0,4880,0,0,0,0,62,0,0,0,0,0,0,0,0,0,0,0,0,0,0,0,0
2021-03-05,W.P. Kuala Lumpur,253,0,0,253,0,0,0,0,11273,2,0,11275,0,0,0,0,253,0,0,0,0,0,0,0,0,0,0,0,0,0,0,0,0
2021-03-05,W.P. Labuan,165,0,0,165,0,0,0,0,2011,2,0,2013,0,0,0,0,165,0,0,0,0,0,0,0,0,0,0,0,0,0,0,0,0
2021-03-05,W.P. Putrajaya,236,0,0,236,0,0,0,0,2292,0,0,2292,0,0,0,0,236,0,0,0,0,0,0,0,0,0,0,0,0,0,0,0,0
2021-03-06,Johor,718,0,0,718,0,0,0,0,9645,4,0,9649,0,0,0,0,718,0,0,0,0,0,0,0,0,0,0,0,0,0,0,0,0
2021-03-06,Kedah,109,0,0,109,0,0,0,0,5454,6,0,5460,0,0,0,0,109,0,0,0,0,0,0,0,0,0,0,0,0,0,0,0,0
2021-03-06,Kelantan,0,0,0,0,0,0,0,0,12369,0,0,12369,0,0,0,0,0,0,0,0,0,0,0,0,0,0,0,0,0,0,0,0,0
2021-03-06,Melaka,0,0,0,0,0,0,0,0,4178,0,0,4178,0,0,0,0,0,0,0,0,0,0,0,0,0,0,0,0,0,0,0,0,0
2021-03-06,Negeri Sembilan,0,0,0,0,0,0,0,0,4896,1,0,4897,0,0,0,0,0,0,0,0,0,0,0,0,0,0,0,0,0,0,0,0,0
2021-03-06,Pahang,3245,0,0,3245,1,0,0,0,13825,1,0,13826,1,0,0,0,3245,0,0,0,0,0,0,0,0,0,0,0,0,0,0,0,0
2021-03-06,Perak,786,0,0,786,0,0,0,0,10484,3,0,10487,0,0,0,0,785,0,0,0,0,0,0,0,0,0,0,0,0,0,1,0,0
2021-03-06,Perlis,0,0,0,0,0,0,0,0,2220,0,0,2220,0,0,0,0,0,0,0,0,0,0,0,0,0,0,0,0,0,0,0,0,0
2021-03-06,Pulau Pinang,120,0,0,120,0,0,0,0,5212,0,0,5212,0,0,0,0,120,0,0,0,0,0,0,0,0,0,0,0,0,0,0,0,0
2021-03-06,Sabah,3936,0,0,3936,0,0,0,0,10628,6,0,10634,1,0,0,0,3935,0,0,0,0,0,0,0,0,0,0,0,0,0,1,0,0
2021-03-06,Sarawak,3644,3,0,3647,1,0,0,0,16421,31,0,16452,1,0,0,0,3405,1,0,199,2,0,0,0,0,0,0,0,0,0,40,0,0
2021-03-06,Selangor,3086,0,0,3086,0,0,0,0,12228,3,0,12231,0,0,0,0,3086,0,0,0,0,0,0,0,0,0,0,0,0,0,0,0,0
2021-03-06,Terengganu,106,0,0,106,0,0,0,0,4985,1,0,4986,0,0,0,0,105,0,0,1,0,0,0,0,0,0,0,0,0,0,0,0,0
2021-03-06,W.P. Kuala Lumpur,0,0,0,0,0,0,0,0,11273,2,0,11275,0,0,0,0,0,0,0,0,0,0,0,0,0,0,0,0,0,0,0,0,0
2021-03-06,W.P. Labuan,83,0,0,83,0,0,0,0,2094,2,0,2096,0,0,0,0,83,0,0,0,0,0,0,0,0,0,0,0,0,0,0,0,0
2021-03-06,W.P. Putrajaya,2,0,0,2,0,0,0,0,2294,0,0,2294,0,0,0,0,2,0,0,0,0,0,0,0,0,0,0,0,0,0,0,0,0
2021-03-07,Johor,1210,1,0,1211,0,0,0,0,10855,5,0,10860,0,0,0,0,1210,1,0,0,0,0,0,0,0,0,0,0,0,0,0,0,0
2021-03-07,Kedah,857,1,0,858,0,0,0,0,6311,7,0,6318,0,0,0,0,857,1,0,0,0,0,0,0,0,0,0,0,0,0,0,0,0
2021-03-07,Kelantan,223,0,0,223,0,0,0,0,12592,0,0,12592,0,0,0,0,223,0,0,0,0,0,0,0,0,0,0,0,0,0,0,0,0
2021-03-07,Melaka,0,0,0,0,0,0,0,0,4178,0,0,4178,0,0,0,0,0,0,0,0,0,0,0,0,0,0,0,0,0,0,0,0,0
2021-03-07,Negeri Sembilan,0,0,0,0,0,0,0,0,4896,1,0,4897,0,0,0,0,0,0,0,0,0,0,0,0,0,0,0,0,0,0,0,0,0
2021-03-07,Pahang,661,0,0,661,0,0,0,0,14486,1,0,14487,1,0,0,0,661,0,0,0,0,0,0,0,0,0,0,0,0,0,0,0,0
2021-03-07,Perak,3,0,0,3,0,0,0,0,10487,3,0,10490,0,0,0,0,1,0,0,2,0,0,0,0,0,0,0,0,0,0,0,0,0
2021-03-07,Perlis,0,0,0,0,0,0,0,0,2220,0,0,2220,0,0,0,0,0,0,0,0,0,0,0,0,0,0,0,0,0,0,0,0,0
2021-03-07,Pulau Pinang,120,0,0,120,0,0,0,0,5332,0,0,5332,0,0,0,0,120,0,0,0,0,0,0,0,0,0,0,0,0,0,0,0,0
2021-03-07,Sabah,2369,1,0,2370,0,0,0,0,12997,7,0,13004,1,0,0,0,2368,1,0,0,0,0,0,0,0,0,0,0,0,0,1,0,0
2021-03-07,Sarawak,4332,2,0,4334,0,0,0,0,20753,33,0,20786,1,0,0,0,4320,0,0,1,2,0,0,0,0,0,0,0,0,0,11,0,0
2021-03-07,Selangor,354,0,0,354,0,0,0,0,12582,3,0,12585,0,0,0,0,354,0,0,0,0,0,0,0,0,0,0,0,0,0,0,0,0
2021-03-07,Terengganu,2353,1,0,2354,0,0,0,0,7338,2,0,7340,0,0,0,0,2353,1,0,0,0,0,0,0,0,0,0,0,0,0,0,0,0
2021-03-07,W.P. Kuala Lumpur,0,0,0,0,0,0,0,0,11273,2,0,11275,0,0,0,0,0,0,0,0,0,0,0,0,0,0,0,0,0,0,0,0,0
2021-03-07,W.P. Labuan,100,0,0,100,0,0,0,0,2194,2,0,2196,0,0,0,0,100,0,0,0,0,0,0,0,0,0,0,0,0,0,0,0,0
2021-03-07,W.P. Putrajaya,0,0,0,0,0,0,0,0,2294,0,0,2294,0,0,0,0,0,0,0,0,0,0,0,0,0,0,0,0,0,0,0,0,0
2021-03-08,Johor,3034,0,0,3034,0,0,0,0,13889,5,0,13894,0,0,0,0,3032,0,0,2,0,0,0,0,0,0,0,0,0,0,0,0,0
2021-03-08,Kedah,3113,0,0,3113,0,0,0,0,9424,7,0,9431,0,0,0,0,3113,0,0,0,0,0,0,0,0,0,0,0,0,0,0,0,0
2021-03-08,Kelantan,1205,0,0,1205,0,0,0,0,13797,0,0,13797,0,0,0,0,1205,0,0,0,0,0,0,0,0,0,0,0,0,0,0,0,0
2021-03-08,Melaka,100,0,0,100,0,0,0,0,4278,0,0,4278,0,0,0,0,100,0,0,0,0,0,0,0,0,0,0,0,0,0,0,0,0
2021-03-08,Negeri Sembilan,1125,0,0,1125,0,0,0,0,6021,1,0,6022,0,0,0,0,1124,0,0,1,0,0,0,0,0,0,0,0,0,0,0,0,0
2021-03-08,Pahang,1053,0,0,1053,0,0,0,0,15539,1,0,15540,1,0,0,0,1053,0,0,0,0,0,0,0,0,0,0,0,0,0,0,0,0
2021-03-08,Perak,2249,0,0,2249,0,0,0,0,12736,3,0,12739,0,0,0,0,2249,0,0,0,0,0,0,0,0,0,0,0,0,0,0,0,0
2021-03-08,Perlis,840,2,0,842,0,0,0,0,3060,2,0,3062,0,0,0,0,840,2,0,0,0,0,0,0,0,0,0,0,0,0,0,0,0
2021-03-08,Pulau Pinang,1200,2,0,1202,0,0,0,0,6532,2,0,6534,0,0,0,0,1200,1,0,0,1,0,0,0,0,0,0,0,0,0,0,0,0
2021-03-08,Sabah,2055,0,0,2055,0,0,0,0,15052,7,0,15059,1,0,0,0,2054,0,0,0,0,0,0,0,0,0,0,0,0,0,1,0,0
2021-03-08,Sarawak,3173,2,0,3175,0,0,0,0,23926,35,0,23961,1,0,0,0,3169,0,0,3,2,0,0,0,0,0,0,0,0,0,1,0,0
2021-03-08,Selangor,3008,7,0,3015,0,0,0,0,15590,10,0,15600,0,0,0,0,3004,4,0,4,3,0,0,0,0,0,0,0,0,0,0,0,0
2021-03-08,Terengganu,2234,1,0,2235,0,0,0,0,9572,3,0,9575,0,0,0,0,2233,1,0,0,0,0,0,0,0,0,0,0,0,0,1,0,0
2021-03-08,W.P. Kuala Lumpur,2498,0,0,2498,0,0,0,0,13771,2,0,13773,0,0,0,0,2498,0,0,0,0,0,0,0,0,0,0,0,0,0,0,0,0
2021-03-08,W.P. Labuan,32,0,0,32,0,0,0,0,2226,2,0,2228,0,0,0,0,32,0,0,0,0,0,0,0,0,0,0,0,0,0,0,0,0
2021-03-08,W.P. Putrajaya,285,0,0,285,0,0,0,0,2579,0,0,2579,0,0,0,0,285,0,0,0,0,0,0,0,0,0,0,0,0,0,0,0,0
2021-03-09,Johor,2129,1,0,2130,0,0,0,0,16018,6,0,16024,0,0,0,0,2100,0,0,29,1,0,0,0,0,0,0,0,0,0,0,0,0
2021-03-09,Kedah,2296,0,0,2296,0,0,0,0,11720,7,0,11727,0,0,0,0,2296,0,0,0,0,0,0,0,0,0,0,0,0,0,0,0,0
2021-03-09,Kelantan,1019,0,0,1019,0,0,0,0,14816,0,0,14816,0,0,0,0,1019,0,0,0,0,0,0,0,0,0,0,0,0,0,0,0,0
2021-03-09,Melaka,955,1,0,956,0,0,0,0,5233,1,0,5234,0,0,0,0,955,0,0,0,1,0,0,0,0,0,0,0,0,0,0,0,0
2021-03-09,Negeri Sembilan,2412,0,0,2412,0,0,0,0,8433,1,0,8434,0,0,0,0,2412,0,0,0,0,0,0,0,0,0,0,0,0,0,0,0,0
2021-03-09,Pahang,949,0,0,949,0,0,0,0,16488,1,0,16489,1,0,0,0,949,0,0,0,0,0,0,0,0,0,0,0,0,0,0,0,0
2021-03-09,Perak,2910,0,0,2910,0,0,0,0,15646,3,0,15649,0,0,0,0,2910,0,0,0,0,0,0,0,0,0,0,0,0,0,0,0,0
2021-03-09,Perlis,1102,0,0,1102,0,0,0,0,4162,2,0,4164,0,0,0,0,1102,0,0,0,0,0,0,0,0,0,0,0,0,0,0,0,0
2021-03-09,Pulau Pinang,1376,0,0,1376,0,0,0,0,7908,2,0,7910,0,0,0,0,1375,0,0,1,0,0,0,0,0,0,0,0,0,0,0,0,0
2021-03-09,Sabah,3013,2,0,3015,0,0,0,0,18065,9,0,18074,1,0,0,0,3013,2,0,0,0,0,0,0,0,0,0,0,0,0,0,0,0
2021-03-09,Sarawak,2125,10,0,2135,0,0,0,0,26051,45,0,26096,1,0,0,0,2123,8,0,0,2,0,0,0,0,0,0,0,0,0,2,0,0
2021-03-09,Selangor,3899,46,0,3945,0,0,0,0,19489,56,0,19545,0,0,0,0,3898,0,0,1,46,0,0,0,0,0,0,0,0,0,0,0,0
2021-03-09,Terengganu,2192,0,0,2192,0,0,0,0,11764,3,0,11767,0,0,0,0,2191,0,0,0,0,0,0,0,0,0,0,0,0,0,1,0,0
2021-03-09,W.P. Kuala Lumpur,3292,2,0,3294,0,0,0,0,17063,4,0,17067,0,0,0,0,3292,0,0,0,2,0,0,0,0,0,0,0,0,0,0,0,0
2021-03-09,W.P. Labuan,26,0,0,26,0,0,0,0,2252,2,0,2254,0,0,0,0,26,0,0,0,0,0,0,0,0,0,0,0,0,0,0,0,0
2021-03-09,W.P. Putrajaya,370,0,0,370,0,0,0,0,2949,0,0,2949,0,0,0,0,370,0,0,0,0,0,0,0,0,0,0,0,0,0,0,0,0
2021-03-10,Johor,1641,1,0,1642,0,0,0,0,17659,7,0,17666,0,0,0,0,1641,1,0,0,0,0,0,0,0,0,0,0,0,0,0,0,0
2021-03-10,Kedah,2583,1,0,2584,0,0,0,0,14303,8,0,14311,0,0,0,0,2583,1,0,0,0,0,0,0,0,0,0,0,0,0,0,0,0
2021-03-10,Kelantan,798,1,0,799,0,0,0,0,15614,1,0,15615,0,0,0,0,798,1,0,0,0,0,0,0,0,0,0,0,0,0,0,0,0
2021-03-10,Melaka,895,0,0,895,0,0,0,0,6128,1,0,6129,0,0,0,0,895,0,0,0,0,0,0,0,0,0,0,0,0,0,0,0,0
2021-03-10,Negeri Sembilan,2364,0,0,2364,0,0,0,0,10797,1,0,10798,0,0,0,0,2363,0,0,0,0,0,0,0,0,0,0,0,0,0,1,0,0
2021-03-10,Pahang,1093,0,0,1093,0,0,0,0,17581,1,0,17582,1,0,0,0,1093,0,0,0,0,0,0,0,0,0,0,0,0,0,0,0,0
2021-03-10,Perak,1523,0,0,1523,0,0,0,0,17169,3,0,17172,0,0,0,0,1523,0,0,0,0,0,0,0,0,0,0,0,0,0,0,0,0
2021-03-10,Perlis,1086,0,0,1086,0,0,0,0,5248,2,0,5250,0,0,0,0,1086,0,0,0,0,0,0,0,0,0,0,0,0,0,0,0,0
2021-03-10,Pulau Pinang,2143,3,0,2146,0,0,0,0,10051,5,0,10056,0,0,0,0,2143,3,0,0,0,0,0,0,0,0,0,0,0,0,0,0,0
2021-03-10,Sabah,2913,3,0,2916,1,0,0,0,20978,12,0,20990,2,0,0,0,2911,1,0,0,2,0,0,0,0,0,0,0,0,0,2,0,0
2021-03-10,Sarawak,699,2,0,701,0,0,0,0,26750,47,0,26797,1,0,0,0,699,0,0,0,2,0,0,0,0,0,0,0,0,0,0,0,0
2021-03-10,Selangor,4876,0,0,4876,0,0,0,0,24365,56,0,24421,0,0,0,0,4876,0,0,0,0,0,0,0,0,0,0,0,0,0,0,0,0
2021-03-10,Terengganu,1826,0,0,1826,0,0,0,0,13590,3,0,13593,0,0,0,0,1825,0,0,0,0,0,0,0,0,0,0,0,0,0,1,0,0
2021-03-10,W.P. Kuala Lumpur,3812,0,0,3812,0,0,0,0,20875,4,0,20879,0,0,0,0,3812,0,0,0,0,0,0,0,0,0,0,0,0,0,0,0,0
2021-03-10,W.P. Labuan,126,0,0,126,0,0,0,0,2378,2,0,2380,0,0,0,0,126,0,0,0,0,0,0,0,0,0,0,0,0,0,0,0,0
2021-03-10,W.P. Putrajaya,395,0,0,395,0,0,0,0,3344,0,0,3344,0,0,0,0,395,0,0,0,0,0,0,0,0,0,0,0,0,0,0,0,0
2021-03-11,Johor,2107,0,0,2107,0,0,0,0,19766,7,0,19773,0,0,0,0,2106,0,0,1,0,0,0,0,0,0,0,0,0,0,0,0,0
2021-03-11,Kedah,1643,0,0,1643,0,0,0,0,15946,8,0,15954,0,0,0,0,1643,0,0,0,0,0,0,0,0,0,0,0,0,0,0,0,0
2021-03-11,Kelantan,357,1,0,358,0,0,0,0,15971,2,0,15973,0,0,0,0,357,1,0,0,0,0,0,0,0,0,0,0,0,0,0,0,0
2021-03-11,Melaka,869,0,0,869,0,0,0,0,6997,1,0,6998,0,0,0,0,869,0,0,0,0,0,0,0,0,0,0,0,0,0,0,0,0
2021-03-11,Negeri Sembilan,59,0,0,59,0,0,0,0,10856,1,0,10857,0,0,0,0,59,0,0,0,0,0,0,0,0,0,0,0,0,0,0,0,0
2021-03-11,Pahang,1883,0,0,1883,0,0,0,0,19464,1,0,19465,1,0,0,0,1883,0,0,0,0,0,0,0,0,0,0,0,0,0,0,0,0
2021-03-11,Perak,3719,0,0,3719,0,0,0,0,20888,3,0,20891,0,0,0,0,3719,0,0,0,0,0,0,0,0,0,0,0,0,0,0,0,0
2021-03-11,Perlis,763,0,0,763,0,0,0,0,6011,2,0,6013,0,0,0,0,763,0,0,0,0,0,0,0,0,0,0,0,0,0,0,0,0
2021-03-11,Pulau Pinang,2892,0,0,2892,0,0,0,0,12943,5,0,12948,0,0,0,0,2891,0,0,0,0,0,0,0,0,0,0,0,0,0,1,0,0
2021-03-11,Sabah,1956,5,0,1961,0,0,0,0,22938,17,0,22951,2,0,0,0,1956,0,0,0,1,0,0,0,0,0,0,0,4,0,0,0,0
2021-03-11,Sarawak,18,2,0,20,0,0,0,0,26768,49,0,26817,1,0,0,0,18,0,0,0,2,0,0,0,0,0,0,0,0,0,0,0,0
2021-03-11,Selangor,5091,0,0,5091,0,0,0,0,29456,56,0,29512,0,0,0,0,5091,0,0,0,0,0,0,0,0,0,0,0,0,0,0,0,0
2021-03-11,Terengganu,0,0,0,0,0,0,0,0,13590,3,0,13593,0,0,0,0,0,0,0,0,0,0,0,0,0,0,0,0,0,0,0,0,0
2021-03-11,W.P. Kuala Lumpur,4755,0,0,4755,0,0,0,0,25630,4,0,25634,0,0,0,0,4755,0,0,0,0,0,0,0,0,0,0,0,0,0,0,0,0
2021-03-11,W.P. Labuan,2,0,0,2,0,0,0,0,2380,2,0,2382,0,0,0,0,2,0,0,0,0,0,0,0,0,0,0,0,0,0,0,0,0
2021-03-11,W.P. Putrajaya,397,0,0,397,0,0,0,0,3741,0,0,3741,0,0,0,0,397,0,0,0,0,0,0,0,0,0,0,0,0,0,0,0,0
2021-03-12,Johor,721,0,0,721,0,0,0,0,20487,7,0,20494,0,0,0,0,721,0,0,0,0,0,0,0,0,0,0,0,0,0,0,0,0
2021-03-12,Kedah,714,0,0,714,0,0,0,0,16660,8,0,16668,0,0,0,0,714,0,0,0,0,0,0,0,0,0,0,0,0,0,0,0,0
2021-03-12,Kelantan,0,0,0,0,0,0,0,0,15971,2,0,15973,0,0,0,0,0,0,0,0,0,0,0,0,0,0,0,0,0,0,0,0,0
2021-03-12,Melaka,608,0,0,608,0,0,0,0,7605,1,0,7606,0,0,0,0,608,0,0,0,0,0,0,0,0,0,0,0,0,0,0,0,0
2021-03-12,Negeri Sembilan,1400,0,0,1400,0,0,0,0,12256,1,0,12257,0,0,0,0,1400,0,0,0,0,0,0,0,0,0,0,0,0,0,0,0,0
2021-03-12,Pahang,2535,0,0,2535,0,0,0,0,21999,1,0,22000,1,0,0,0,2535,0,0,0,0,0,0,0,0,0,0,0,0,0,0,0,0
2021-03-12,Perak,7333,0,0,7333,1,0,0,0,28221,3,0,28224,1,0,0,0,7333,0,0,0,0,0,0,0,0,0,0,0,0,0,0,0,0
2021-03-12,Perlis,585,0,0,585,0,0,0,0,6596,2,0,6598,0,0,0,0,585,0,0,0,0,0,0,0,0,0,0,0,0,0,0,0,0
2021-03-12,Pulau Pinang,2866,0,0,2866,0,0,0,0,15809,5,0,15814,0,0,0,0,2866,0,0,0,0,0,0,0,0,0,0,0,0,0,0,0,0
2021-03-12,Sabah,1467,0,0,1467,0,0,0,0,24405,17,0,24418,2,0,0,0,1467,0,0,0,0,0,0,0,0,0,0,0,0,0,0,0,0
2021-03-12,Sarawak,897,8,0,905,0,1,0,0,27665,57,0,27722,1,1,0,0,896,4,0,0,4,0,0,0,0,0,0,0,0,0,1,0,0
2021-03-12,Selangor,3751,1,0,3752,0,0,0,0,33207,57,0,33264,0,0,0,0,3751,0,0,0,1,0,0,0,0,0,0,0,0,0,0,0,0
2021-03-12,Terengganu,0,0,0,0,0,0,0,0,13590,3,0,13593,0,0,0,0,0,0,0,0,0,0,0,0,0,0,0,0,0,0,0,0,0
2021-03-12,W.P. Kuala Lumpur,3142,0,0,3142,0,0,0,0,28772,4,0,28776,0,0,0,0,3142,0,0,0,0,0,0,0,0,0,0,0,0,0,0,0,0
2021-03-12,W.P. Labuan,6,0,0,6,0,0,0,0,2386,2,0,2388,0,0,0,0,6,0,0,0,0,0,0,0,0,0,0,0,0,0,0,0,0
2021-03-12,W.P. Putrajaya,92,0,0,92,0,0,0,0,3833,0,0,3833,0,0,0,0,92,0,0,0,0,0,0,0,0,0,0,0,0,0,0,0,0
2021-03-13,Johor,1571,0,0,1571,0,0,0,0,22058,7,0,22065,0,0,0,0,1571,0,0,0,0,0,0,0,0,0,0,0,0,0,0,0,0
2021-03-13,Kedah,568,0,0,568,0,0,0,0,17228,8,0,17236,0,0,0,0,568,0,0,0,0,0,0,0,0,0,0,0,0,0,0,0,0
2021-03-13,Kelantan,0,0,0,0,0,0,0,0,15971,2,0,15973,0,0,0,0,0,0,0,0,0,0,0,0,0,0,0,0,0,0,0,0,0
2021-03-13,Melaka,230,0,0,230,0,0,0,0,7835,1,0,7836,0,0,0,0,230,0,0,0,0,0,0,0,0,0,0,0,0,0,0,0,0
2021-03-13,Negeri Sembilan,14,0,0,14,0,0,0,0,12270,1,0,12271,0,0,0,0,14,0,0,0,0,0,0,0,0,0,0,0,0,0,0,0,0
2021-03-13,Pahang,3301,0,0,3301,0,0,0,0,25300,1,0,25301,1,0,0,0,3301,0,0,0,0,0,0,0,0,0,0,0,0,0,0,0,0
2021-03-13,Perak,3236,0,0,3236,0,0,0,0,31457,3,0,31460,1,0,0,0,3235,0,0,0,0,0,0,0,0,0,0,0,0,0,1,0,0
2021-03-13,Perlis,216,0,0,216,0,0,0,0,6812,2,0,6814,0,0,0,0,216,0,0,0,0,0,0,0,0,0,0,0,0,0,0,0,0
2021-03-13,Pulau Pinang,805,0,0,805,0,0,0,0,16614,5,0,16619,0,0,0,0,805,0,0,0,0,0,0,0,0,0,0,0,0,0,0,0,0
2021-03-13,Sabah,2926,0,0,2926,0,0,0,0,27331,17,0,27344,2,0,0,0,2922,0,0,0,0,0,0,0,0,0,0,0,0,0,4,0,0
2021-03-13,Sarawak,1728,2,0,1730,0,0,0,0,29393,59,0,29452,1,1,0,0,1728,0,0,0,2,0,0,0,0,0,0,0,0,0,0,0,0
2021-03-13,Selangor,2462,0,0,2462,0,0,0,0,35669,57,0,35726,0,0,0,0,2461,0,0,0,0,0,0,0,0,0,0,0,0,0,1,0,0
2021-03-13,Terengganu,2,0,0,2,0,0,0,0,13592,3,0,13595,0,0,0,0,2,0,0,0,0,0,0,0,0,0,0,0,0,0,0,0,0
2021-03-13,W.P. Kuala Lumpur,0,0,0,0,0,0,0,0,28772,4,0,28776,0,0,0,0,0,0,0,0,0,0,0,0,0,0,0,0,0,0,0,0,0
2021-03-13,W.P. Labuan,0,0,0,0,0,0,0,0,2386,2,0,2388,0,0,0,0,0,0,0,0,0,0,0,0,0,0,0,0,0,0,0,0,0
2021-03-13,W.P. Putrajaya,0,0,0,0,0,0,0,0,3833,0,0,3833,0,0,0,0,0,0,0,0,0,0,0,0,0,0,0,0,0,0,0,0,0
2021-03-14,Johor,1137,0,0,1137,1,0,0,0,23195,7,0,23202,1,0,0,0,1137,0,0,0,0,0,0,0,0,0,0,0,0,0,0,0,0
2021-03-14,Kedah,1432,0,0,1432,1,0,0,0,18660,8,0,18668,1,0,0,0,1432,0,0,0,0,0,0,0,0,0,0,0,0,0,0,0,0
2021-03-14,Kelantan,72,0,0,72,0,0,0,0,16043,2,0,16045,0,0,0,0,72,0,0,0,0,0,0,0,0,0,0,0,0,0,0,0,0
2021-03-14,Melaka,0,0,0,0,0,0,0,0,7835,1,0,7836,0,0,0,0,0,0,0,0,0,0,0,0,0,0,0,0,0,0,0,0,0
2021-03-14,Negeri Sembilan,0,0,0,0,0,0,0,0,12270,1,0,12271,0,0,0,0,0,0,0,0,0,0,0,0,0,0,0,0,0,0,0,0,0
2021-03-14,Pahang,202,0,0,202,5,0,0,0,25502,1,0,25503,6,0,0,0,202,0,0,0,0,0,0,0,0,0,0,0,0,0,0,0,0
2021-03-14,Perak,1368,0,0,1368,0,0,0,0,32825,3,0,32828,1,0,0,0,1368,0,0,0,0,0,0,0,0,0,0,0,0,0,0,0,0
2021-03-14,Perlis,0,0,0,0,0,0,0,0,6812,2,0,6814,0,0,0,0,0,0,0,0,0,0,0,0,0,0,0,0,0,0,0,0,0
2021-03-14,Pulau Pinang,505,0,0,505,0,0,0,0,17119,5,0,17124,0,0,0,0,505,0,0,0,0,0,0,0,0,0,0,0,0,0,0,0,0
2021-03-14,Sabah,2940,2,0,2942,0,0,0,0,30271,19,0,30286,2,0,0,0,2938,2,0,2,0,0,0,0,0,0,0,0,0,0,0,0,0
2021-03-14,Sarawak,1068,2,0,1070,0,0,0,0,30461,61,0,30522,1,1,0,0,1068,0,0,0,2,0,0,0,0,0,0,0,0,0,0,0,0
2021-03-14,Selangor,547,0,0,547,0,0,0,0,36216,57,0,36273,0,0,0,0,547,0,0,0,0,0,0,0,0,0,0,0,0,0,0,0,0
2021-03-14,Terengganu,1036,0,0,1036,0,0,0,0,14628,3,0,14631,0,0,0,0,1036,0,0,0,0,0,0,0,0,0,0,0,0,0,0,0,0
2021-03-14,W.P. Kuala Lumpur,0,0,0,0,0,0,0,0,28772,4,0,28776,0,0,0,0,0,0,0,0,0,0,0,0,0,0,0,0,0,0,0,0,0
2021-03-14,W.P. Labuan,0,0,0,0,0,0,0,0,2386,2,0,2388,0,0,0,0,0,0,0,0,0,0,0,0,0,0,0,0,0,0,0,0,0
2021-03-14,W.P. Putrajaya,0,0,0,0,0,0,0,0,3833,0,0,3833,0,0,0,0,0,0,0,0,0,0,0,0,0,0,0,0,0,0,0,0,0
2021-03-15,Johor,1797,0,0,1797,0,0,0,0,24992,7,0,24999,1,0,0,0,1797,0,0,0,0,0,0,0,0,0,0,0,0,0,0,0,0
2021-03-15,Kedah,2645,0,0,2645,0,0,0,0,21305,8,0,21313,1,0,0,0,2644,0,0,0,0,0,0,0,0,0,0,0,0,0,1,0,0
2021-03-15,Kelantan,466,0,0,466,0,0,0,0,16509,2,0,16511,0,0,0,0,466,0,0,0,0,0,0,0,0,0,0,0,0,0,0,0,0
2021-03-15,Melaka,288,0,0,288,0,0,0,0,8123,1,0,8124,0,0,0,0,288,0,0,0,0,0,0,0,0,0,0,0,0,0,0,0,0
2021-03-15,Negeri Sembilan,699,0,0,699,0,0,0,0,12969,1,0,12970,0,0,0,0,699,0,0,0,0,0,0,0,0,0,0,0,0,0,0,0,0
2021-03-15,Pahang,200,0,0,200,0,0,0,0,25702,1,0,25703,6,0,0,0,200,0,0,0,0,0,0,0,0,0,0,0,0,0,0,0,0
2021-03-15,Perak,1645,1,0,1646,0,0,0,0,34470,4,0,34474,1,0,0,0,1645,1,0,0,0,0,0,0,0,0,0,0,0,0,0,0,0
2021-03-15,Perlis,472,0,0,472,0,0,0,0,7284,2,0,7286,0,0,0,0,472,0,0,0,0,0,0,0,0,0,0,0,0,0,0,0,0
2021-03-15,Pulau Pinang,1834,0,0,1834,1,0,0,0,18953,5,0,18958,1,0,0,0,1834,0,0,0,0,0,0,0,0,0,0,0,0,0,0,0,0
2021-03-15,Sabah,4211,0,0,4211,0,0,0,0,34482,19,0,34497,2,0,0,0,4210,0,0,0,0,0,0,0,0,0,0,0,0,0,1,0,0
2021-03-15,Sarawak,720,2,0,722,0,0,0,0,31181,63,0,31244,1,1,0,0,508,0,0,0,2,0,0,0,0,0,0,0,0,0,212,0,0
2021-03-15,Selangor,2521,0,0,2521,0,0,0,0,38737,57,0,38794,0,0,0,0,2520,0,0,0,0,0,0,0,0,0,0,0,0,0,1,0,0
2021-03-15,Terengganu,821,0,0,821,0,0,0,0,15449,3,0,15452,0,0,0,0,821,0,0,0,0,0,0,0,0,0,0,0,0,0,0,0,0
2021-03-15,W.P. Kuala Lumpur,1731,0,0,1731,0,0,0,0,30503,4,0,30507,0,0,0,0,1728,0,0,0,0,0,0,0,0,0,0,0,0,0,3,0,0
2021-03-15,W.P. Labuan,0,0,0,0,0,0,0,0,2386,2,0,2388,0,0,0,0,0,0,0,0,0,0,0,0,0,0,0,0,0,0,0,0,0
2021-03-15,W.P. Putrajaya,342,0,0,342,0,0,0,0,4175,0,0,4175,0,0,0,0,342,0,0,0,0,0,0,0,0,0,0,0,0,0,0,0,0
2021-03-16,Johor,1435,1,0,1436,0,0,0,0,26427,8,0,26435,1,0,0,0,1435,1,0,0,0,0,0,0,0,0,0,0,0,0,0,0,0
2021-03-16,Kedah,2677,0,0,2677,0,0,0,0,23982,8,0,23990,1,0,0,0,2677,0,0,0,0,0,0,0,0,0,0,0,0,0,0,0,0
2021-03-16,Kelantan,663,0,0,663,0,0,0,0,17172,2,0,17174,0,0,0,0,662,0,0,0,0,0,0,0,0,0,0,0,0,0,1,0,0
2021-03-16,Melaka,835,0,0,835,0,0,0,0,8958,1,0,8959,0,0,0,0,835,0,0,0,0,0,0,0,0,0,0,0,0,0,0,0,0
2021-03-16,Negeri Sembilan,1628,2,0,1630,0,0,0,0,14597,3,0,14600,0,0,0,0,1628,2,0,0,0,0,0,0,0,0,0,0,0,0,0,0,0
2021-03-16,Pahang,407,0,0,407,0,0,0,0,26109,1,0,26110,6,0,0,0,407,0,0,0,0,0,0,0,0,0,0,0,0,0,0,0,0
2021-03-16,Perak,4747,0,0,4747,0,0,0,0,39217,4,0,39221,1,0,0,0,4746,0,0,0,0,0,0,0,0,0,0,0,0,0,1,0,0
2021-03-16,Perlis,797,0,0,797,0,0,0,0,8081,2,0,8083,0,0,0,0,797,0,0,0,0,0,0,0,0,0,0,0,0,0,0,0,0
2021-03-16,Pulau Pinang,2040,0,0,2040,0,0,0,0,20993,5,0,20998,1,0,0,0,2040,0,0,0,0,0,0,0,0,0,0,0,0,0,0,0,0
2021-03-16,Sabah,3598,1,0,3599,0,0,0,0,38080,20,0,38096,2,0,0,0,3597,1,0,1,0,0,0,0,0,0,0,0,0,0,0,0,0
2021-03-16,Sarawak,538,2,0,540,0,0,0,0,31719,65,0,31784,1,1,0,0,419,0,0,0,2,0,0,0,0,0,0,0,0,0,119,0,0
2021-03-16,Selangor,3163,0,0,3163,0,0,0,0,41900,57,0,41957,0,0,0,0,3163,0,0,0,0,0,0,0,0,0,0,0,0,0,0,0,0
2021-03-16,Terengganu,779,0,0,779,0,0,0,0,16228,3,0,16231,0,0,0,0,779,0,0,0,0,0,0,0,0,0,0,0,0,0,0,0,0
2021-03-16,W.P. Kuala Lumpur,1950,0,0,1950,0,0,0,0,32453,4,0,32457,0,0,0,0,1950,0,0,0,0,0,0,0,0,0,0,0,0,0,0,0,0
2021-03-16,W.P. Labuan,0,0,0,0,0,0,0,0,2386,2,0,2388,0,0,0,0,0,0,0,0,0,0,0,0,0,0,0,0,0,0,0,0,0
2021-03-16,W.P. Putrajaya,218,0,0,218,0,0,0,0,4393,0,0,4393,0,0,0,0,218,0,0,0,0,0,0,0,0,0,0,0,0,0,0,0,0
2021-03-17,Johor,856,35,0,891,0,0,0,0,27283,43,0,27326,1,0,0,0,856,35,0,0,0,0,0,0,0,0,0,0,0,0,0,0,0
2021-03-17,Kedah,1639,0,0,1639,0,0,0,0,25621,8,0,25629,1,0,0,0,1639,0,0,0,0,0,0,0,0,0,0,0,0,0,0,0,0
2021-03-17,Kelantan,1363,0,0,1363,0,0,0,0,18535,2,0,18537,0,0,0,0,1363,0,0,0,0,0,0,0,0,0,0,0,0,0,0,0,0
2021-03-17,Melaka,798,0,0,798,0,0,0,0,9756,1,0,9757,0,0,0,0,798,0,0,0,0,0,0,0,0,0,0,0,0,0,0,0,0
2021-03-17,Negeri Sembilan,1470,0,0,1470,0,0,0,0,16067,3,0,16070,0,0,0,0,1470,0,0,0,0,0,0,0,0,0,0,0,0,0,0,0,0
2021-03-17,Pahang,643,0,0,643,0,0,0,0,26752,1,0,26753,6,0,0,0,643,0,0,0,0,0,0,0,0,0,0,0,0,0,0,0,0
2021-03-17,Perak,2831,0,0,2831,0,0,0,0,42048,4,0,42052,1,0,0,0,2831,0,0,0,0,0,0,0,0,0,0,0,0,0,0,0,0
2021-03-17,Perlis,794,0,0,794,0,0,0,0,8875,2,0,8877,0,0,0,0,794,0,0,0,0,0,0,0,0,0,0,0,0,0,0,0,0
2021-03-17,Pulau Pinang,1739,0,0,1739,0,0,0,0,22732,5,0,22737,1,0,0,0,1738,0,0,0,0,0,0,0,0,0,0,0,0,0,1,0,0
2021-03-17,Sabah,2513,0,0,2513,0,0,0,0,40593,20,0,40609,2,0,0,0,2513,0,0,0,0,0,0,0,0,0,0,0,0,0,0,0,0
2021-03-17,Sarawak,174,2,0,176,0,0,0,0,31893,67,0,31960,1,1,0,0,174,0,0,0,2,0,0,0,0,0,0,0,0,0,0,0,0
2021-03-17,Selangor,3927,0,0,3927,0,0,0,0,45827,57,0,45884,0,0,0,0,3925,0,0,2,0,0,0,0,0,0,0,0,0,0,0,0,0
2021-03-17,Terengganu,1,1,0,2,0,0,0,0,16229,4,0,16233,0,0,0,0,1,1,0,0,0,0,0,0,0,0,0,0,0,0,0,0,0
2021-03-17,W.P. Kuala Lumpur,1835,6,0,1841,0,0,0,0,34288,10,0,34298,0,0,0,0,1835,6,0,0,0,0,0,0,0,0,0,0,0,0,0,0,0
2021-03-17,W.P. Labuan,0,0,0,0,0,0,0,0,2386,2,0,2388,0,0,0,0,0,0,0,0,0,0,0,0,0,0,0,0,0,0,0,0,0
2021-03-17,W.P. Putrajaya,210,19,0,229,0,0,0,0,4603,19,0,4622,0,0,0,0,210,19,0,0,0,0,0,0,0,0,0,0,0,0,0,0,0
2021-03-18,Johor,1388,43,0,1431,0,0,0,0,28671,86,0,28757,1,0,0,0,1388,43,0,0,0,0,0,0,0,0,0,0,0,0,0,0,0
2021-03-18,Kedah,459,0,0,459,0,0,0,0,26080,8,0,26088,1,0,0,0,459,0,0,0,0,0,0,0,0,0,0,0,0,0,0,0,0
2021-03-18,Kelantan,715,0,0,715,0,0,0,0,19250,2,0,19252,0,0,0,0,715,0,0,0,0,0,0,0,0,0,0,0,0,0,0,0,0
2021-03-18,Melaka,589,30,0,619,0,0,0,0,10345,31,0,10376,0,0,0,0,589,30,0,0,0,0,0,0,0,0,0,0,0,0,0,0,0
2021-03-18,Negeri Sembilan,1051,0,0,1051,0,0,0,0,17118,3,0,17121,0,0,0,0,1040,0,0,11,0,0,0,0,0,0,0,0,0,0,0,0,0
2021-03-18,Pahang,909,120,0,1029,0,0,0,0,27661,121,0,27782,6,0,0,0,909,120,0,0,0,0,0,0,0,0,0,0,0,0,0,0,0
2021-03-18,Perak,2920,173,0,3093,0,0,0,0,44968,177,0,45145,1,0,0,0,2920,173,0,0,0,0,0,0,0,0,0,0,0,0,0,0,0
2021-03-18,Perlis,723,1,0,724,0,0,0,0,9598,3,0,9601,0,0,0,0,723,1,0,0,0,0,0,0,0,0,0,0,0,0,0,0,0
2021-03-18,Pulau Pinang,1455,0,0,1455,0,0,0,0,24187,5,0,24192,1,0,0,0,1455,0,0,0,0,0,0,0,0,0,0,0,0,0,0,0,0
2021-03-18,Sabah,2024,0,0,2024,0,0,0,0,42617,20,0,42633,2,0,0,0,2023,0,0,0,0,0,0,0,0,0,0,0,0,0,1,0,0
2021-03-18,Sarawak,98,2,0,100,0,0,0,0,31991,69,0,32060,1,1,0,0,98,0,0,0,2,0,0,0,0,0,0,0,0,0,0,0,0
2021-03-18,Selangor,3616,41,0,3657,0,0,0,0,49443,98,0,49541,0,0,0,0,3616,41,0,0,0,0,0,0,0,0,0,0,0,0,0,0,0
2021-03-18,Terengganu,0,0,0,0,0,0,0,0,16229,4,0,16233,0,0,0,0,0,0,0,0,0,0,0,0,0,0,0,0,0,0,0,0,0
2021-03-18,W.P. Kuala Lumpur,1359,331,0,1690,0,0,0,0,35647,341,0,35988,0,0,0,0,1359,331,0,0,0,0,0,0,0,0,0,0,0,0,0,0,0
2021-03-18,W.P. Labuan,0,2,0,2,0,0,0,0,2386,4,0,2390,0,0,0,0,0,2,0,0,0,0,0,0,0,0,0,0,0,0,0,0,0
2021-03-18,W.P. Putrajaya,8,55,0,63,0,0,0,0,4611,74,0,4685,0,0,0,0,7,55,0,1,0,0,0,0,0,0,0,0,0,0,0,0,0
2021-03-19,Johor,18,0,0,18,0,0,0,0,28689,86,0,28775,1,0,0,0,18,0,0,0,0,0,0,0,0,0,0,0,0,0,0,0,0
2021-03-19,Kedah,300,6,0,306,0,0,0,0,26380,14,0,26394,1,0,0,0,300,6,0,0,0,0,0,0,0,0,0,0,0,0,0,0,0
2021-03-19,Kelantan,0,0,0,0,0,0,0,0,19250,2,0,19252,0,0,0,0,0,0,0,0,0,0,0,0,0,0,0,0,0,0,0,0,0
2021-03-19,Melaka,174,158,0,332,0,0,0,0,10519,189,0,10708,0,0,0,0,174,158,0,0,0,0,0,0,0,0,0,0,0,0,0,0,0
2021-03-19,Negeri Sembilan,276,0,0,276,0,0,0,0,17394,3,0,17397,0,0,0,0,276,0,0,0,0,0,0,0,0,0,0,0,0,0,0,0,0
2021-03-19,Pahang,1503,668,0,2171,0,0,0,0,29164,789,0,29953,6,0,0,0,1503,668,0,0,0,0,0,0,0,0,0,0,0,0,0,0,0
2021-03-19,Perak,1939,313,0,2252,0,0,0,0,46907,490,0,47397,1,0,0,0,1939,313,0,0,0,0,0,0,0,0,0,0,0,0,0,0,0
2021-03-19,Perlis,7,153,0,160,0,0,0,0,9605,156,0,9761,0,0,0,0,7,153,0,0,0,0,0,0,0,0,0,0,0,0,0,0,0
2021-03-19,Pulau Pinang,1518,332,0,1850,1,0,0,0,25705,337,0,26042,2,0,0,0,1518,332,0,0,0,0,0,0,0,0,0,0,0,0,0,0,0
2021-03-19,Sabah,997,0,0,997,0,0,0,0,43614,20,0,43630,2,0,0,0,997,0,0,0,0,0,0,0,0,0,0,0,0,0,0,0,0
2021-03-19,Sarawak,142,1558,0,1700,0,0,0,0,32133,1627,0,33760,1,1,0,0,142,1555,0,0,2,0,0,0,0,0,0,0,0,0,0,1,0
2021-03-19,Selangor,2820,329,0,3149,0,0,0,0,52263,427,0,52690,0,0,0,0,2820,329,0,0,0,0,0,0,0,0,0,0,0,0,0,0,0
2021-03-19,Terengganu,0,6,0,6,0,0,0,0,16229,10,0,16239,0,0,0,0,0,6,0,0,0,0,0,0,0,0,0,0,0,0,0,0,0
2021-03-19,W.P. Kuala Lumpur,1048,292,0,1340,0,0,0,0,36695,633,0,37328,0,0,0,0,1048,292,0,0,0,0,0,0,0,0,0,0,0,0,0,0,0
2021-03-19,W.P. Labuan,0,0,0,0,0,0,0,0,2386,4,0,2390,0,0,0,0,0,0,0,0,0,0,0,0,0,0,0,0,0,0,0,0,0
2021-03-19,W.P. Putrajaya,0,19,0,19,0,0,0,0,4611,93,0,4704,0,0,0,0,0,19,0,0,0,0,0,0,0,0,0,0,0,0,0,0,0
2021-03-20,Johor,731,0,0,731,0,0,0,0,29420,86,0,29506,1,0,0,0,731,0,0,0,0,0,0,0,0,0,0,0,0,0,0,0,0
2021-03-20,Kedah,6,1,0,7,0,0,0,0,26386,15,0,26401,1,0,0,0,6,1,0,0,0,0,0,0,0,0,0,0,0,0,0,0,0
2021-03-20,Kelantan,360,0,0,360,0,0,0,0,19610,2,0,19612,0,0,0,0,360,0,0,0,0,0,0,0,0,0,0,0,0,0,0,0,0
2021-03-20,Melaka,0,0,0,0,0,0,0,0,10519,189,0,10708,0,0,0,0,0,0,0,0,0,0,0,0,0,0,0,0,0,0,0,0,0
2021-03-20,Negeri Sembilan,0,0,0,0,0,0,0,0,17394,3,0,17397,0,0,0,0,0,0,0,0,0,0,0,0,0,0,0,0,0,0,0,0,0
2021-03-20,Pahang,1347,1771,0,3118,0,0,0,0,30511,2560,0,33071,6,0,0,0,1347,1771,0,0,0,0,0,0,0,0,0,0,0,0,0,0,0
2021-03-20,Perak,1081,238,0,1319,0,0,0,0,47988,728,0,48716,1,0,0,0,1081,238,0,0,0,0,0,0,0,0,0,0,0,0,0,0,0
2021-03-20,Perlis,0,2,0,2,0,0,0,0,9605,158,0,9763,0,0,0,0,0,2,0,0,0,0,0,0,0,0,0,0,0,0,0,0,0
2021-03-20,Pulau Pinang,1885,0,0,1885,0,0,0,0,27590,337,0,27927,2,0,0,0,1885,0,0,0,0,0,0,0,0,0,0,0,0,0,0,0,0
2021-03-20,Sabah,868,537,0,1405,0,0,0,0,44482,557,0,45035,2,0,0,0,867,537,0,0,0,0,0,0,0,0,0,0,0,0,1,0,0
2021-03-20,Sarawak,866,3428,0,4294,0,0,0,0,32999,5055,0,38054,1,1,0,0,865,3426,0,0,2,0,0,0,0,0,0,0,0,0,1,0,0
2021-03-20,Selangor,559,0,0,559,0,0,0,0,52822,427,0,53249,0,0,0,0,559,0,0,0,0,0,0,0,0,0,0,0,0,0,0,0,0
2021-03-20,Terengganu,1,0,0,1,0,0,0,0,16230,10,0,16240,0,0,0,0,1,0,0,0,0,0,0,0,0,0,0,0,0,0,0,0,0
2021-03-20,W.P. Kuala Lumpur,0,0,0,0,0,0,0,0,36695,633,0,37328,0,0,0,0,0,0,0,0,0,0,0,0,0,0,0,0,0,0,0,0,0
2021-03-20,W.P. Labuan,0,127,0,127,0,0,0,0,2386,131,0,2517,0,0,0,0,0,127,0,0,0,0,0,0,0,0,0,0,0,0,0,0,0
2021-03-20,W.P. Putrajaya,0,0,0,0,0,0,0,0,4611,93,0,4704,0,0,0,0,0,0,0,0,0,0,0,0,0,0,0,0,0,0,0,0,0
2021-03-21,Johor,666,741,0,1407,0,0,0,0,30086,827,0,30913,1,0,0,0,666,741,0,0,0,0,0,0,0,0,0,0,0,0,0,0,0
2021-03-21,Kedah,6,715,0,721,0,0,0,0,26392,730,0,27122,1,0,0,0,6,714,0,0,0,0,0,0,0,0,0,0,0,0,0,1,0
2021-03-21,Kelantan,362,147,0,509,0,0,0,0,19972,149,0,20121,0,0,0,0,362,147,0,0,0,0,0,0,0,0,0,0,0,0,0,0,0
2021-03-21,Melaka,0,0,0,0,0,0,0,0,10519,189,0,10708,0,0,0,0,0,0,0,0,0,0,0,0,0,0,0,0,0,0,0,0,0
2021-03-21,Negeri Sembilan,0,0,0,0,0,0,0,0,17394,3,0,17397,0,0,0,0,0,0,0,0,0,0,0,0,0,0,0,0,0,0,0,0,0
2021-03-21,Pahang,2914,97,0,3011,0,0,0,0,33425,2657,0,36082,6,0,0,0,2914,97,0,0,0,0,0,0,0,0,0,0,0,0,0,0,0
2021-03-21,Perak,555,117,0,672,0,0,0,0,48543,845,0,49388,1,0,0,0,555,117,0,0,0,0,0,0,0,0,0,0,0,0,0,0,0
2021-03-21,Perlis,0,1,0,1,0,0,0,0,9605,159,0,9764,0,0,0,0,0,1,0,0,0,0,0,0,0,0,0,0,0,0,0,0,0
2021-03-21,Pulau Pinang,1439,1,0,1440,0,0,0,0,29029,338,0,29367,2,0,0,0,1439,1,0,0,0,0,0,0,0,0,0,0,0,0,0,0,0
2021-03-21,Sabah,38,308,0,346,0,0,0,0,44520,865,0,45381,2,0,0,0,38,307,0,0,0,0,0,0,0,0,0,0,0,0,0,1,0
2021-03-21,Sarawak,1475,2943,0,4418,0,0,0,0,34474,7998,0,42472,1,1,0,0,1475,2939,0,0,2,0,0,0,0,0,0,0,0,0,0,2,0
2021-03-21,Selangor,597,2,0,599,0,0,0,0,53419,429,0,53848,0,0,0,0,597,2,0,0,0,0,0,0,0,0,0,0,0,0,0,0,0
2021-03-21,Terengganu,1659,430,0,2089,1,0,0,0,17889,440,0,18329,1,0,0,0,1659,430,0,0,0,0,0,0,0,0,0,0,0,0,0,0,0
2021-03-21,W.P. Kuala Lumpur,1,1,0,2,0,0,0,0,36696,634,0,37330,0,0,0,0,1,1,0,0,0,0,0,0,0,0,0,0,0,0,0,0,0
2021-03-21,W.P. Labuan,0,346,0,346,0,0,0,0,2386,477,0,2863,0,0,0,0,0,344,0,0,0,0,0,0,0,0,0,0,0,0,0,2,0
2021-03-21,W.P. Putrajaya,0,0,0,0,0,0,0,0,4611,93,0,4704,0,0,0,0,0,0,0,0,0,0,0,0,0,0,0,0,0,0,0,0,0
2021-03-22,Johor,962,1812,0,2774,0,0,0,0,31048,2639,0,33687,1,0,0,0,962,1811,0,0,0,0,0,0,0,0,0,0,0,0,0,1,0
2021-03-22,Kedah,14,1183,0,1197,0,0,0,0,26406,1913,0,28319,1,0,0,0,14,1183,0,0,0,0,0,0,0,0,0,0,0,0,0,0,0
2021-03-22,Kelantan,374,1710,0,2084,0,0,0,0,20346,1859,0,22205,0,0,0,0,374,1709,0,0,0,0,0,0,0,0,0,0,0,0,0,1,0
2021-03-22,Melaka,11,180,0,191,0,0,0,0,10530,369,0,10899,0,0,0,0,11,180,0,0,0,0,0,0,0,0,0,0,0,0,0,0,0
2021-03-22,Negeri Sembilan,605,530,0,1135,0,0,0,0,17999,533,0,18532,0,0,0,0,605,530,0,0,0,0,0,0,0,0,0,0,0,0,0,0,0
2021-03-22,Pahang,32,1033,0,1065,0,0,0,0,33457,3690,0,37147,6,0,0,0,32,1033,0,0,0,0,0,0,0,0,0,0,0,0,0,0,0
2021-03-22,Perak,364,1543,0,1907,0,0,0,0,48907,2388,0,51295,1,0,0,0,363,1543,0,0,0,0,0,0,0,0,0,0,0,0,1,0,0
2021-03-22,Perlis,0,352,0,352,0,0,0,0,9605,511,0,10116,0,0,0,0,0,352,0,0,0,0,0,0,0,0,0,0,0,0,0,0,0
2021-03-22,Pulau Pinang,1256,394,0,1650,0,0,0,0,30285,732,0,31017,2,0,0,0,1256,394,0,0,0,0,0,0,0,0,0,0,0,0,0,0,0
2021-03-22,Sabah,684,289,0,973,0,0,0,0,45204,1154,0,46354,2,0,0,0,683,289,0,0,0,0,0,0,0,0,0,0,0,0,1,0,0
2021-03-22,Sarawak,634,1832,0,2466,0,0,0,0,35108,9830,0,44938,1,1,0,0,634,1828,0,0,4,0,0,0,0,0,0,0,0,0,0,0,0
2021-03-22,Selangor,2198,648,0,2846,0,0,0,0,55617,1077,0,56694,0,0,0,0,2198,648,0,0,0,0,0,0,0,0,0,0,0,0,0,0,0
2021-03-22,Terengganu,1717,11,0,1728,0,0,0,0,19606,451,0,20057,1,0,0,0,1717,11,0,0,0,0,0,0,0,0,0,0,0,0,0,0,0
2021-03-22,W.P. Kuala Lumpur,865,2184,0,3049,0,0,0,0,37561,2818,0,40379,0,0,0,0,865,2184,0,0,0,0,0,0,0,0,0,0,0,0,0,0,0
2021-03-22,W.P. Labuan,0,444,0,444,0,0,0,0,2386,921,0,3307,0,0,0,0,0,444,0,0,0,0,0,0,0,0,0,0,0,0,0,0,0
2021-03-22,W.P. Putrajaya,4,434,0,438,0,0,0,0,4615,527,0,5142,0,0,0,0,4,434,0,0,0,0,0,0,0,0,0,0,0,0,0,0,0
2021-03-23,Johor,588,665,0,1253,0,0,0,0,31636,3304,0,34940,1,0,0,0,588,665,0,0,0,0,0,0,0,0,0,0,0,0,0,0,0
2021-03-23,Kedah,4,1247,0,1251,0,0,0,0,26410,3160,0,29570,1,0,0,0,4,1247,0,0,0,0,0,0,0,0,0,0,0,0,0,0,0
2021-03-23,Kelantan,17,2770,0,2787,0,0,0,0,20363,4629,0,24992,0,0,0,0,17,2770,0,0,0,0,0,0,0,0,0,0,0,0,0,0,0
2021-03-23,Melaka,147,1084,0,1231,0,0,0,0,10677,1453,0,12130,0,0,0,0,147,1084,0,0,0,0,0,0,0,0,0,0,0,0,0,0,0
2021-03-23,Negeri Sembilan,1754,1276,0,3030,0,0,0,0,19753,1809,0,21562,0,0,0,0,1752,1276,0,0,0,0,0,0,0,0,0,0,0,0,2,0,0
2021-03-23,Pahang,60,2121,0,2181,0,0,0,0,33517,5811,0,39328,6,0,0,0,60,2121,0,0,0,0,0,0,0,0,0,0,0,0,0,0,0
2021-03-23,Perak,394,2980,0,3374,0,0,0,0,49301,5368,0,54669,1,0,0,0,394,2980,0,0,0,0,0,0,0,0,0,0,0,0,0,0,0
2021-03-23,Perlis,0,534,0,534,0,0,0,0,9605,1045,0,10650,0,0,0,0,0,534,0,0,0,0,0,0,0,0,0,0,0,0,0,0,0
2021-03-23,Pulau Pinang,817,1016,0,1833,0,0,0,0,31102,1748,0,32850,2,0,0,0,817,1016,0,0,0,0,0,0,0,0,0,0,0,0,0,0,0
2021-03-23,Sabah,282,371,0,653,0,0,0,0,45486,1525,0,47007,2,0,0,0,282,371,0,0,0,0,0,0,0,0,0,0,0,0,0,0,0
2021-03-23,Sarawak,191,641,0,832,0,0,0,0,35299,10471,0,45770,1,1,0,0,191,639,0,0,2,0,0,0,0,0,0,0,0,0,0,0,0
2021-03-23,Selangor,2593,1165,0,3758,0,0,0,0,58210,2242,0,60452,0,0,0,0,2593,1165,0,0,0,0,0,0,0,0,0,0,0,0,0,0,0
2021-03-23,Terengganu,606,1978,0,2584,0,0,0,0,20212,2429,0,22641,1,0,0,0,606,1977,0,0,0,0,0,0,0,0,0,0,0,0,0,1,0
2021-03-23,W.P. Kuala Lumpur,845,2184,0,3029,0,0,0,0,38406,5002,0,43408,0,0,0,0,845,2183,0,0,0,0,0,0,0,0,0,0,0,0,0,1,0
2021-03-23,W.P. Labuan,1,371,0,372,0,0,0,0,2387,1292,0,3679,0,0,0,0,1,371,0,0,0,0,0,0,0,0,0,0,0,0,0,0,0
2021-03-23,W.P. Putrajaya,7,472,0,479,0,0,0,0,4622,999,0,5621,0,0,0,0,6,472,0,1,0,0,0,0,0,0,0,0,0,0,0,0,0
2021-03-24,Johor,675,2410,0,3085,0,0,0,0,32311,5714,0,38025,1,0,0,0,675,2410,0,0,0,0,0,0,0,0,0,0,0,0,0,0,0
2021-03-24,Kedah,10,1336,0,1346,1,0,0,0,26420,4496,0,30916,2,0,0,0,10,1336,0,0,0,0,0,0,0,0,0,0,0,0,0,0,0
2021-03-24,Kelantan,19,3284,0,3303,0,0,0,0,20382,7913,0,28295,0,0,0,0,19,3284,0,0,0,0,0,0,0,0,0,0,0,0,0,0,0
2021-03-24,Melaka,217,1103,0,1320,0,0,0,0,10894,2556,0,13450,0,0,0,0,217,1103,0,0,0,0,0,0,0,0,0,0,0,0,0,0,0
2021-03-24,Negeri Sembilan,1377,1159,0,2536,0,0,0,0,21130,2968,0,24098,0,0,0,0,1377,1159,0,0,0,0,0,0,0,0,0,0,0,0,0,0,0
2021-03-24,Pahang,6,1371,0,1377,0,0,0,0,33523,7182,0,40705,6,0,0,0,6,1371,0,0,0,0,0,0,0,0,0,0,0,0,0,0,0
2021-03-24,Perak,75,1871,0,1946,0,0,0,0,49376,7239,0,56615,1,0,0,0,75,1870,0,0,0,0,0,0,0,0,0,0,0,0,0,1,0
2021-03-24,Perlis,4,529,0,533,0,0,0,0,9609,1574,0,11183,0,0,0,0,4,528,0,0,0,0,0,0,0,0,0,0,0,0,0,1,0
2021-03-24,Pulau Pinang,784,1062,0,1846,0,0,0,0,31886,2810,0,34696,2,0,0,0,783,1062,0,0,0,0,0,0,0,0,0,0,0,0,1,0,0
2021-03-24,Sabah,291,277,0,568,0,0,0,0,45777,1802,0,47575,2,0,0,0,291,277,0,0,0,0,0,0,0,0,0,0,0,0,0,0,0
2021-03-24,Sarawak,141,483,0,624,0,0,0,0,35440,10954,0,46394,1,1,0,0,141,481,0,0,2,0,0,0,0,0,0,0,0,0,0,0,0
2021-03-24,Selangor,1818,2062,0,3880,0,0,0,0,60028,4304,0,64332,0,0,0,0,1818,2061,0,0,0,0,0,0,0,0,0,0,0,0,0,1,0
2021-03-24,Terengganu,353,2214,0,2567,0,0,0,0,20565,4643,0,25208,1,0,0,0,353,2214,0,0,0,0,0,0,0,0,0,0,0,0,0,0,0
2021-03-24,W.P. Kuala Lumpur,512,2891,0,3403,0,0,0,0,38918,7893,0,46811,0,0,0,0,512,2891,0,0,0,0,0,0,0,0,0,0,0,0,0,0,0
2021-03-24,W.P. Labuan,0,293,0,293,0,0,0,0,2387,1585,0,3972,0,0,0,0,0,293,0,0,0,0,0,0,0,0,0,0,0,0,0,0,0
2021-03-24,W.P. Putrajaya,8,480,0,488,0,0,0,0,4630,1479,0,6109,0,0,0,0,8,480,0,0,0,0,0,0,0,0,0,0,0,0,0,0,0
2021-03-25,Johor,937,2305,0,3242,0,0,0,0,33248,8019,0,41267,1,0,0,0,937,2305,0,0,0,0,0,0,0,0,0,0,0,0,0,0,0
2021-03-25,Kedah,6,537,0,543,0,0,0,0,26426,5033,0,31459,2,0,0,0,6,537,0,0,0,0,0,0,0,0,0,0,0,0,0,0,0
2021-03-25,Kelantan,46,2810,0,2856,0,0,0,0,20428,10723,0,31151,0,0,0,0,46,2809,0,0,0,0,0,0,0,0,0,0,0,0,0,1,0
2021-03-25,Melaka,153,1001,0,1154,0,0,0,0,11047,3557,0,14604,0,0,0,0,153,1001,0,0,0,0,0,0,0,0,0,0,0,0,0,0,0
2021-03-25,Negeri Sembilan,818,1203,0,2021,0,0,0,0,21948,4171,0,26119,0,0,0,0,815,1202,0,0,0,0,0,0,0,0,0,0,0,0,3,1,0
2021-03-25,Pahang,77,1481,0,1558,0,0,0,0,33600,8663,0,42263,6,0,0,0,77,1481,0,0,0,0,0,0,0,0,0,0,0,0,0,0,0
2021-03-25,Perak,7,970,0,977,0,0,0,0,49383,8209,0,57592,1,0,0,0,7,970,0,0,0,0,0,0,0,0,0,0,0,0,0,0,0
2021-03-25,Perlis,3,293,0,296,0,0,0,0,9612,1867,0,11479,0,0,0,0,3,292,0,0,0,0,0,0,0,0,0,0,0,0,0,1,0
2021-03-25,Pulau Pinang,550,1103,0,1653,0,0,0,0,32436,3913,0,36349,2,0,0,0,550,1103,0,0,0,0,0,0,0,0,0,0,0,0,0,0,0
2021-03-25,Sabah,319,1462,0,1781,0,0,0,0,46096,3264,0,49356,2,0,0,0,319,1462,0,0,0,0,0,0,0,0,0,0,0,0,0,0,0
2021-03-25,Sarawak,140,384,0,524,0,0,0,0,35580,11338,0,46918,1,1,0,0,140,382,0,0,2,0,0,0,0,0,0,0,0,0,0,0,0
2021-03-25,Selangor,1748,2139,0,3887,0,0,0,0,61776,6443,0,68219,0,0,0,0,1667,2139,0,81,0,0,0,0,0,0,0,0,0,0,0,0,0
2021-03-25,Terengganu,450,48,0,498,0,0,0,0,21015,4691,0,25706,1,0,0,0,450,48,0,0,0,0,0,0,0,0,0,0,0,0,0,0,0
2021-03-25,W.P. Kuala Lumpur,1179,2899,0,4078,0,0,0,0,40097,10792,0,50889,0,0,0,0,1179,2899,0,0,0,0,0,0,0,0,0,0,0,0,0,0,0
2021-03-25,W.P. Labuan,0,194,0,194,0,0,0,0,2387,1779,0,4166,0,0,0,0,0,193,0,0,0,0,0,0,0,0,0,0,0,0,0,1,0
2021-03-25,W.P. Putrajaya,1,541,0,542,0,0,0,0,4631,2020,0,6651,0,0,0,0,1,541,0,0,0,0,0,0,0,0,0,0,0,0,0,0,0
2021-03-26,Johor,529,404,0,933,0,0,0,0,33777,8423,0,42200,1,0,0,0,529,404,0,0,0,0,0,0,0,0,0,0,0,0,0,0,0
2021-03-26,Kedah,1,155,0,156,0,0,0,0,26427,5188,0,31615,2,0,0,0,1,155,0,0,0,0,0,0,0,0,0,0,0,0,0,0,0
2021-03-26,Kelantan,11,697,0,708,0,0,0,0,20439,11420,0,31859,0,0,0,0,11,694,0,0,0,0,0,0,0,0,0,0,0,0,0,3,0
2021-03-26,Melaka,143,572,0,715,0,0,0,0,11190,4129,0,15319,0,0,0,0,142,570,0,0,0,0,0,0,0,0,0,0,0,0,1,2,0
2021-03-26,Negeri Sembilan,400,667,0,1067,0,0,0,0,22348,4838,0,27186,0,0,0,0,398,663,0,0,0,0,0,0,0,0,0,0,0,0,2,4,0
2021-03-26,Pahang,64,936,0,1000,0,0,0,0,33664,9599,0,43263,6,0,0,0,64,929,0,0,0,0,0,0,0,0,0,0,0,0,0,7,0
2021-03-26,Perak,10,1258,0,1268,0,0,0,0,49393,9467,0,58860,1,0,0,0,10,1250,0,0,0,0,0,0,0,0,0,0,0,0,0,8,0
2021-03-26,Perlis,0,312,0,312,0,0,0,0,9612,2179,0,11791,0,0,0,0,0,310,0,0,0,0,0,0,0,0,0,0,0,0,0,2,0
2021-03-26,Pulau Pinang,69,1009,0,1078,0,0,0,0,32505,4922,0,37427,2,0,0,0,69,1004,0,0,0,0,0,0,0,0,0,0,0,0,0,5,0
2021-03-26,Sabah,24,2413,0,2437,0,0,0,0,46120,5677,0,51793,2,0,0,0,24,2411,0,0,0,0,0,0,0,0,0,0,0,0,0,2,0
2021-03-26,Sarawak,70,1298,0,1368,0,0,0,0,35650,12636,0,48286,1,1,0,0,19,1291,0,51,2,0,0,0,0,0,0,0,0,0,0,5,0
2021-03-26,Selangor,1068,2430,0,3498,0,0,0,0,62844,8873,0,71717,0,0,0,0,947,2422,0,119,0,0,0,0,0,0,0,0,0,0,2,8,0
2021-03-26,Terengganu,0,0,0,0,0,0,0,0,21015,4691,0,25706,1,0,0,0,0,0,0,0,0,0,0,0,0,0,0,0,0,0,0,0,0
2021-03-26,W.P. Kuala Lumpur,1426,258,0,1684,0,0,0,0,41523,11050,0,52573,0,0,0,0,1424,258,0,0,0,0,0,0,0,0,0,0,0,0,2,0,0
2021-03-26,W.P. Labuan,2,169,0,171,0,0,0,0,2389,1948,0,4337,0,0,0,0,2,169,0,0,0,0,0,0,0,0,0,0,0,0,0,0,0
2021-03-26,W.P. Putrajaya,121,234,0,355,0,0,0,0,4752,2254,0,7006,0,0,0,0,121,233,0,0,0,0,0,0,0,0,0,0,0,0,0,1,0
2021-03-27,Johor,489,671,0,1160,0,0,0,0,34266,9094,0,43360,1,0,0,0,489,671,0,0,0,0,0,0,0,0,0,0,0,0,0,0,0
2021-03-27,Kedah,0,98,0,98,0,0,0,0,26427,5286,0,31713,2,0,0,0,0,98,0,0,0,0,0,0,0,0,0,0,0,0,0,0,0
2021-03-27,Kelantan,0,0,0,0,0,0,0,0,20439,11420,0,31859,0,0,0,0,0,0,0,0,0,0,0,0,0,0,0,0,0,0,0,0,0
2021-03-27,Melaka,306,0,0,306,0,0,0,0,11496,4129,0,15625,0,0,0,0,305,0,0,1,0,0,0,0,0,0,0,0,0,0,0,0,0
2021-03-27,Negeri Sembilan,0,0,0,0,0,0,0,0,22348,4838,0,27186,0,0,0,0,0,0,0,0,0,0,0,0,0,0,0,0,0,0,0,0,0
2021-03-27,Pahang,14,3084,0,3098,0,0,0,0,33678,12683,0,46361,6,0,0,0,14,3084,0,0,0,0,0,0,0,0,0,0,0,0,0,0,0
2021-03-27,Perak,10,699,0,709,0,0,0,0,49403,10166,0,59569,1,0,0,0,10,699,0,0,0,0,0,0,0,0,0,0,0,0,0,0,0
2021-03-27,Perlis,0,0,0,0,0,0,0,0,9612,2179,0,11791,0,0,0,0,0,0,0,0,0,0,0,0,0,0,0,0,0,0,0,0,0
2021-03-27,Pulau Pinang,0,119,0,119,0,0,0,0,32505,5041,0,37546,2,0,0,0,0,119,0,0,0,0,0,0,0,0,0,0,0,0,0,0,0
2021-03-27,Sabah,268,3492,0,3760,0,0,0,0,46388,9169,0,55553,2,0,0,0,268,3491,0,0,0,0,0,0,0,0,0,0,0,0,0,1,0
2021-03-27,Sarawak,584,3306,0,3890,0,0,0,0,36234,15942,0,52176,1,1,0,0,144,3296,0,440,8,0,0,0,0,0,0,0,0,0,0,2,0
2021-03-27,Selangor,36,2886,0,2922,0,0,0,0,62880,11759,0,74639,0,0,0,0,4,2886,0,32,0,0,0,0,0,0,0,0,0,0,0,0,0
2021-03-27,Terengganu,0,0,0,0,0,0,0,0,21015,4691,0,25706,1,0,0,0,0,0,0,0,0,0,0,0,0,0,0,0,0,0,0,0,0
2021-03-27,W.P. Kuala Lumpur,0,0,0,0,0,0,0,0,41523,11050,0,52573,0,0,0,0,0,0,0,0,0,0,0,0,0,0,0,0,0,0,0,0,0
2021-03-27,W.P. Labuan,0,84,0,84,0,0,0,0,2389,2032,0,4421,0,0,0,0,0,84,0,0,0,0,0,0,0,0,0,0,0,0,0,0,0
2021-03-27,W.P. Putrajaya,0,1,0,1,0,0,0,0,4752,2255,0,7007,0,0,0,0,0,1,0,0,0,0,0,0,0,0,0,0,0,0,0,0,0
2021-03-28,Johor,1364,1135,0,2499,0,0,0,0,35630,10229,0,45859,1,0,0,0,1364,1135,0,0,0,0,0,0,0,0,0,0,0,0,0,0,0
2021-03-28,Kedah,45,834,0,879,0,0,0,0,26472,6120,0,32592,2,0,0,0,16,834,0,29,0,0,0,0,0,0,0,0,0,0,0,0,0
2021-03-28,Kelantan,3,496,0,499,0,0,0,0,20442,11916,0,32358,0,0,0,0,3,496,0,0,0,0,0,0,0,0,0,0,0,0,0,0,0
2021-03-28,Melaka,306,0,0,306,0,0,0,0,11802,4129,0,15931,0,0,0,0,306,0,0,0,0,0,0,0,0,0,0,0,0,0,0,0,0
2021-03-28,Negeri Sembilan,0,0,0,0,0,0,0,0,22348,4838,0,27186,0,0,0,0,0,0,0,0,0,0,0,0,0,0,0,0,0,0,0,0,0
2021-03-28,Pahang,7,797,0,804,0,0,0,0,33685,13480,0,47165,6,0,0,0,7,797,0,0,0,0,0,0,0,0,0,0,0,0,0,0,0
2021-03-28,Perak,14,0,0,14,0,0,0,0,49417,10166,0,59583,1,0,0,0,13,0,0,1,0,0,0,0,0,0,0,0,0,0,0,0,0
2021-03-28,Perlis,0,0,0,0,0,0,0,0,9612,2179,0,11791,0,0,0,0,0,0,0,0,0,0,0,0,0,0,0,0,0,0,0,0,0
2021-03-28,Pulau Pinang,0,113,0,113,0,0,0,0,32505,5154,0,37659,2,0,0,0,0,113,0,0,0,0,0,0,0,0,0,0,0,0,0,0,0
2021-03-28,Sabah,18,2711,0,2729,0,0,0,0,46406,11880,0,58282,2,0,0,0,17,2710,0,1,1,0,0,0,0,0,0,0,0,0,0,0,0
2021-03-28,Sarawak,980,4277,0,5257,0,0,0,0,37214,20219,0,57433,1,1,0,0,737,4260,0,242,2,0,0,0,0,0,0,0,0,0,1,15,0
2021-03-28,Selangor,0,283,0,283,0,0,0,0,62880,12042,0,74922,0,0,0,0,0,283,0,0,0,0,0,0,0,0,0,0,0,0,0,0,0
2021-03-28,Terengganu,947,2201,0,3148,2,0,0,0,21962,6892,0,28854,3,0,0,0,947,2201,0,0,0,0,0,0,0,0,0,0,0,0,0,0,0
2021-03-28,W.P. Kuala Lumpur,0,0,0,0,0,0,0,0,41523,11050,0,52573,0,0,0,0,0,0,0,0,0,0,0,0,0,0,0,0,0,0,0,0,0
2021-03-28,W.P. Labuan,0,83,0,83,0,0,0,0,2389,2115,0,4504,0,0,0,0,0,83,0,0,0,0,0,0,0,0,0,0,0,0,0,0,0
2021-03-28,W.P. Putrajaya,0,0,0,0,0,0,0,0,4752,2255,0,7007,0,0,0,0,0,0,0,0,0,0,0,0,0,0,0,0,0,0,0,0,0
2021-03-29,Johor,892,2499,0,3391,0,0,0,0,36522,12728,0,49250,1,0,0,0,892,2499,0,0,0,0,0,0,0,0,0,0,0,0,0,0,0
2021-03-29,Kedah,830,2738,0,3568,0,0,0,0,27302,8858,0,36160,2,0,0,0,76,2738,0,754,0,0,0,0,0,0,0,0,0,0,0,0,0
2021-03-29,Kelantan,419,1553,0,1972,0,0,0,0,20861,13469,0,34330,0,0,0,0,419,1553,0,0,0,0,0,0,0,0,0,0,0,0,0,0,0
2021-03-29,Melaka,26,96,0,122,0,0,0,0,11828,4225,0,16053,0,0,0,0,26,96,0,0,0,0,0,0,0,0,0,0,0,0,0,0,0
2021-03-29,Negeri Sembilan,155,1102,0,1257,0,0,0,0,22503,5940,0,28443,0,0,0,0,155,1102,0,0,0,0,0,0,0,0,0,0,0,0,0,0,0
2021-03-29,Pahang,2,1138,0,1140,0,0,0,0,33687,14618,0,48305,6,0,0,0,2,1138,0,0,0,0,0,0,0,0,0,0,0,0,0,0,0
2021-03-29,Perak,3,2099,0,2102,0,0,0,0,49420,12265,0,61685,1,0,0,0,3,2099,0,0,0,0,0,0,0,0,0,0,0,0,0,0,0
2021-03-29,Perlis,2,816,0,818,0,0,0,0,9614,2995,0,12609,0,0,0,0,2,816,0,0,0,0,0,0,0,0,0,0,0,0,0,0,0
2021-03-29,Pulau Pinang,43,1106,0,1149,0,0,0,0,32548,6260,0,38808,2,0,0,0,43,1106,0,0,0,0,0,0,0,0,0,0,0,0,0,0,0
2021-03-29,Sabah,182,3351,0,3533,0,0,0,0,46588,15231,0,61815,2,0,0,0,182,3349,0,0,0,0,0,0,0,0,0,0,0,0,0,2,0
2021-03-29,Sarawak,1239,3189,0,4428,0,0,0,0,38453,23408,0,61861,1,1,0,0,1018,3182,0,217,3,0,0,0,0,0,0,0,0,0,4,4,0
2021-03-29,Selangor,1104,3066,0,4170,0,0,0,0,63984,15108,0,79092,0,0,0,0,524,3065,0,580,1,0,0,0,0,0,0,0,0,0,0,0,0
2021-03-29,Terengganu,876,2188,0,3064,2,0,0,0,22838,9080,0,31918,5,0,0,0,874,2188,0,0,0,0,0,0,0,0,0,0,0,0,2,0,0
2021-03-29,W.P. Kuala Lumpur,1976,2119,0,4095,0,0,0,0,43499,13169,0,56668,0,0,0,0,1975,2119,0,1,0,0,0,0,0,0,0,0,0,0,0,0,0
2021-03-29,W.P. Labuan,0,32,0,32,0,0,0,0,2389,2147,0,4536,0,0,0,0,0,32,0,0,0,0,0,0,0,0,0,0,0,0,0,0,0
2021-03-29,W.P. Putrajaya,117,287,0,404,0,0,0,0,4869,2542,0,7411,0,0,0,0,117,287,0,0,0,0,0,0,0,0,0,0,0,0,0,0,0
2021-03-30,Johor,597,2384,0,2981,0,0,0,0,37119,15112,0,52231,1,0,0,0,597,2384,0,0,0,0,0,0,0,0,0,0,0,0,0,0,0
2021-03-30,Kedah,960,2321,0,3281,1,0,0,0,28262,11179,0,39441,3,0,0,0,84,2321,0,876,0,0,0,0,0,0,0,0,0,0,0,0,0
2021-03-30,Kelantan,715,1021,0,1736,0,0,0,0,21576,14490,0,36066,0,0,0,0,715,1021,0,0,0,0,0,0,0,0,0,0,0,0,0,0,0
2021-03-30,Melaka,325,916,0,1241,0,0,0,0,12153,5141,0,17294,0,0,0,0,325,916,0,0,0,0,0,0,0,0,0,0,0,0,0,0,0
2021-03-30,Negeri Sembilan,489,2342,0,2831,0,0,0,0,22992,8282,0,31274,0,0,0,0,489,2342,0,0,0,0,0,0,0,0,0,0,0,0,0,0,0
2021-03-30,Pahang,2,1119,0,1121,0,0,0,0,33689,15737,0,49426,6,0,0,0,2,1119,0,0,0,0,0,0,0,0,0,0,0,0,0,0,0
2021-03-30,Perak,9,2739,0,2748,0,0,0,0,49429,15004,0,64433,1,0,0,0,9,2739,0,0,0,0,0,0,0,0,0,0,0,0,0,0,0
2021-03-30,Perlis,7,1068,0,1075,0,0,0,0,9621,4063,0,13684,0,0,0,0,6,1068,0,0,0,0,0,0,0,0,0,0,0,0,1,0,0
2021-03-30,Pulau Pinang,96,1387,0,1483,0,0,0,0,32644,7647,0,40291,2,0,0,0,96,1387,0,0,0,0,0,0,0,0,0,0,0,0,0,0,0
2021-03-30,Sabah,374,3013,0,3387,0,0,0,0,46962,18244,0,65202,2,0,0,0,374,3013,0,0,0,0,0,0,0,0,0,0,0,0,0,0,0
2021-03-30,Sarawak,3086,2136,0,5222,0,0,0,0,41539,25544,0,67083,1,1,0,0,2762,2134,0,318,2,0,0,0,0,0,0,0,0,0,6,0,0
2021-03-30,Selangor,1606,3830,0,5436,1,0,0,0,65590,18938,0,84528,1,0,0,0,646,3830,0,960,0,0,0,0,0,0,0,0,0,0,0,0,0
2021-03-30,Terengganu,682,2254,0,2936,1,0,0,0,23520,11334,0,34854,6,0,0,0,682,2254,0,0,0,0,0,0,0,0,0,0,0,0,0,0,0
2021-03-30,W.P. Kuala Lumpur,2575,2485,0,5060,0,0,0,0,46074,15654,0,61728,0,0,0,0,2575,2485,0,0,0,0,0,0,0,0,0,0,0,0,0,0,0
2021-03-30,W.P. Labuan,0,24,0,24,0,0,0,0,2389,2171,0,4560,0,0,0,0,0,24,0,0,0,0,0,0,0,0,0,0,0,0,0,0,0
2021-03-30,W.P. Putrajaya,4,369,0,373,0,0,0,0,4873,2911,0,7784,0,0,0,0,2,368,0,2,0,0,0,0,0,0,0,0,0,0,0,1,0
2021-03-31,Johor,505,1470,0,1975,0,0,0,0,37624,16582,0,54206,1,0,0,0,262,1470,0,243,0,0,0,0,0,0,0,0,0,0,0,0,0
2021-03-31,Kedah,887,2519,0,3406,1,0,0,0,29149,13698,0,42847,4,0,0,0,57,2519,0,830,0,0,0,0,0,0,0,0,0,0,0,0,0
2021-03-31,Kelantan,561,780,0,1341,0,0,0,0,22137,15270,0,37407,0,0,0,0,561,780,0,0,0,0,0,0,0,0,0,0,0,0,0,0,0
2021-03-31,Melaka,723,899,0,1622,0,0,0,0,12876,6040,0,18916,0,0,0,0,723,899,0,0,0,0,0,0,0,0,0,0,0,0,0,0,0
2021-03-31,Negeri Sembilan,387,2316,0,2703,0,0,0,0,23379,10598,0,33977,0,0,0,0,387,2316,0,0,0,0,0,0,0,0,0,0,0,0,0,0,0
2021-03-31,Pahang,16,926,0,942,0,0,0,0,33705,16663,0,50368,6,0,0,0,16,926,0,0,0,0,0,0,0,0,0,0,0,0,0,0,0
2021-03-31,Perak,5,1711,0,1716,0,0,0,0,49434,16715,0,66149,1,0,0,0,5,1711,0,0,0,0,0,0,0,0,0,0,0,0,0,0,0